question,intent
도서관 언제까지 하나요?,운영시간
도서관 오늘 하나요?,운영시간
도서관 운영 시간 어떻게 되나요?,운영시간
오늘 도서관 가도 돼요?,운영시간
도서관 아침에 가면 못 들어가나요?,운영시간
책 검색 좀 할게요,도서검색
책 찾아주세요,도서검색
책 어딨어요?,도서검색
학교에 수업 교재 있나요?,도서검색
책 빌릴 수 있는지 궁금해요,도서검색
책이 없어요,도서검색
열람실 자리 남았나요?,자리현황
열람실 자리 몇 개 남았나요?,자리현황
열람실 가면 앉을 수 남았나요?,자리현황
열람실에 사람 몇 명 남았나요?,자리현황
열람실에 사람 많나요?,자리현황
도서실 언제까지 하나요?,운영시간
미디어실 언제까지 하나요?,운영시간
일반도서실 언제까지 하나요?,운영시간
멀티미디어실 언제까지 하나요?,운영시간
열람실 언제까지 하나요?,운영시간
도서관 얼마나 하나요?,운영시간
도서관 몇 시간 하나요?,운영시간
도서관 몇 시까지 하나요?,운영시간
도서관 언제 하나요?,운영시간
도서관 언제까지 문 닫나요?,운영시간
도서관 언제까지 문 여나요?,운영시간
도서관 언제까지 문 열어?,운영시간
도서관 언제까지 문 닫아?,운영시간
도서관 언제까지 해?,운영시간
도서관 언제까지 가도 되나요?,운영시간
도서관 언제까지 가도 돼?,운영시간
도서관 언제까지 갈 수 있나요?,운영시간
도서실 오늘 하나요?,운영시간
미디어실 오늘 하나요?,운영시간
일반도서실 오늘 하나요?,운영시간
멀티미디어실 오늘 하나요?,운영시간
열람실 오늘 하나요?,운영시간
도서관 내일 하나요?,운영시간
도서관 주말에 하나요?,운영시간
도서관 평일에 하나요?,운영시간
도서관 학기 중에 하나요?,운영시간
도서관 방학 때 하나요?,운영시간
도서관 밤에 하나요?,운영시간
도서관 낮에 하나요?,운영시간
도서관 아침에 하나요?,운영시간
도서관 새벽에 하나요?,운영시간
도서관 지금 하나요?,운영시간
도서관 오늘 문 닫나요?,운영시간
도서관 오늘 문 여나요?,운영시간
도서관 오늘 문 열어?,운영시간
도서관 오늘 문 닫아?,운영시간
도서관 오늘 해?,운영시간
도서관 오늘 가도 되나요?,운영시간
도서관 오늘 가도 돼?,운영시간
도서관 오늘 갈 수 있나요?,운영시간
도서실 운영 시간 어떻게 되나요?,운영시간
미디어실 운영 시간 어떻게 되나요?,운영시간
일반도서실 운영 시간 어떻게 되나요?,운영시간
멀티미디어실 운영 시간 어떻게 되나요?,운영시간
열람실 운영 시간 어떻게 되나요?,운영시간
오늘 도서실 가도 돼요?,운영시간
오늘 미디어실 가도 돼요?,운영시간
오늘 일반도서실 가도 돼요?,운영시간
오늘 멀티미디어실 가도 돼요?,운영시간
오늘 열람실 가도 돼요?,운영시간
내일 도서관 가도 돼요?,운영시간
주말에 도서관 가도 돼요?,운영시간
평일에 도서관 가도 돼요?,운영시간
학기 중에 도서관 가도 돼요?,운영시간
방학 때 도서관 가도 돼요?,운영시간
밤에 도서관 가도 돼요?,운영시간
낮에 도서관 가도 돼요?,운영시간
아침에 도서관 가도 돼요?,운영시간
새벽에 도서관 가도 돼요?,운영시간
지금 도서관 가도 돼요?,운영시간
도서실 아침에 가면 못 들어가나요?,운영시간
미디어실 아침에 가면 못 들어가나요?,운영시간
일반도서실 아침에 가면 못 들어가나요?,운영시간
멀티미디어실 아침에 가면 못 들어가나요?,운영시간
열람실 아침에 가면 못 들어가나요?,운영시간
도서 검색 좀 할게요,도서검색
자료 검색 좀 할게요,도서검색
교재 검색 좀 할게요,도서검색
문헌 검색 좀 할게요,도서검색
도서 찾아주세요,도서검색
자료 찾아주세요,도서검색
교재 찾아주세요,도서검색
문헌 찾아주세요,도서검색
도서 어딨어요?,도서검색
자료 어딨어요?,도서검색
교재 어딨어요?,도서검색
문헌 어딨어요?,도서검색
책 어디?,도서검색
책 어딨음?,도서검색
책 어디에 있어요?,도서검색
책 찾아줘,도서검색
책 있나요?,도서검색
책 있어?,도서검색
도서 빌릴 수 있는지 궁금해요,도서검색
자료 빌릴 수 있는지 궁금해요,도서검색
교재 빌릴 수 있는지 궁금해요,도서검색
문헌 빌릴 수 있는지 궁금해요,도서검색
책 빌릴 수 있는지 알려줘,도서검색
책 빌릴 수 있는지 모르겠어,도서검색
도서이 없어요,도서검색
자료이 없어요,도서검색
교재이 없어요,도서검색
문헌이 없어요,도서검색
스터디룸 자리 남았나요?,자리현황
컴퓨터존 자리 남았나요?,자리현황
pc존 자리 남았나요?,자리현황
컴퓨터실 자리 남았나요?,자리현황
열람실 좌석 남았나요?,자리현황
열람실 의자 남았나요?,자리현황
열람실 자리 있나요?,자리현황
열람실 자리 남았어?,자리현황
열람실 자리 있어?,자리현황
스터디룸 자리 몇 개 남았나요?,자리현황
컴퓨터존 자리 몇 개 남았나요?,자리현황
pc존 자리 몇 개 남았나요?,자리현황
컴퓨터실 자리 몇 개 남았나요?,자리현황
열람실 좌석 몇 개 남았나요?,자리현황
열람실 의자 몇 개 남았나요?,자리현황
열람실 자리 몇 명 남았나요?,자리현황
열람실 자리 얼마나 남았나요?,자리현황
열람실 자리 몇 개 있나요?,자리현황
열람실 자리 몇 개 남았어?,자리현황
열람실 자리 몇 개 있어?,자리현황
스터디룸 가면 앉을 수 남았나요?,자리현황
컴퓨터존 가면 앉을 수 남았나요?,자리현황
pc존 가면 앉을 수 남았나요?,자리현황
컴퓨터실 가면 앉을 수 남았나요?,자리현황
열람실 가면 앉을 수 있나요?,자리현황
열람실 가면 앉을 수 남았어?,자리현황
열람실 가면 앉을 수 있어?,자리현황
스터디룸에 사람 몇 명 남았나요?,자리현황
컴퓨터존에 사람 몇 명 남았나요?,자리현황
pc존에 사람 몇 명 남았나요?,자리현황
컴퓨터실에 사람 몇 명 남았나요?,자리현황
열람실에 사람 몇 명 있나요?,자리현황
열람실에 사람 몇 명 남았어?,자리현황
열람실에 사람 몇 명 있어?,자리현황
스터디룸에 사람 많나요?,자리현황
컴퓨터존에 사람 많나요?,자리현황
pc존에 사람 많나요?,자리현황
컴퓨터실에 사람 많나요?,자리현황
열람실에 사람 적나요?,자리현황
열람실에 사람 많아?,자리현황
열람실에 사람 적어?,자리현황
도서실 얼마나 하나요?,운영시간
도서실 몇 시간 하나요?,운영시간
도서실 몇 시까지 하나요?,운영시간
도서실 언제 하나요?,운영시간
도서실 언제까지 문 닫나요?,운영시간
도서실 언제까지 문 여나요?,운영시간
도서실 언제까지 문 열어?,운영시간
도서실 언제까지 문 닫아?,운영시간
도서실 언제까지 해?,운영시간
도서실 언제까지 가도 되나요?,운영시간
도서실 언제까지 가도 돼?,운영시간
도서실 언제까지 갈 수 있나요?,운영시간
미디어실 얼마나 하나요?,운영시간
미디어실 몇 시간 하나요?,운영시간
미디어실 몇 시까지 하나요?,운영시간
미디어실 언제 하나요?,운영시간
미디어실 언제까지 문 닫나요?,운영시간
미디어실 언제까지 문 여나요?,운영시간
미디어실 언제까지 문 열어?,운영시간
미디어실 언제까지 문 닫아?,운영시간
미디어실 언제까지 해?,운영시간
미디어실 언제까지 가도 되나요?,운영시간
미디어실 언제까지 가도 돼?,운영시간
미디어실 언제까지 갈 수 있나요?,운영시간
일반도서실 얼마나 하나요?,운영시간
일반도서실 몇 시간 하나요?,운영시간
일반도서실 몇 시까지 하나요?,운영시간
일반도서실 언제 하나요?,운영시간
일반도서실 언제까지 문 닫나요?,운영시간
일반도서실 언제까지 문 여나요?,운영시간
일반도서실 언제까지 문 열어?,운영시간
일반도서실 언제까지 문 닫아?,운영시간
일반도서실 언제까지 해?,운영시간
일반도서실 언제까지 가도 되나요?,운영시간
일반도서실 언제까지 가도 돼?,운영시간
일반도서실 언제까지 갈 수 있나요?,운영시간
멀티미디어실 얼마나 하나요?,운영시간
멀티미디어실 몇 시간 하나요?,운영시간
멀티미디어실 몇 시까지 하나요?,운영시간
멀티미디어실 언제 하나요?,운영시간
멀티미디어실 언제까지 문 닫나요?,운영시간
멀티미디어실 언제까지 문 여나요?,운영시간
멀티미디어실 언제까지 문 열어?,운영시간
멀티미디어실 언제까지 문 닫아?,운영시간
멀티미디어실 언제까지 해?,운영시간
멀티미디어실 언제까지 가도 되나요?,운영시간
멀티미디어실 언제까지 가도 돼?,운영시간
멀티미디어실 언제까지 갈 수 있나요?,운영시간
열람실 얼마나 하나요?,운영시간
열람실 몇 시간 하나요?,운영시간
열람실 몇 시까지 하나요?,운영시간
열람실 언제 하나요?,운영시간
열람실 언제까지 문 닫나요?,운영시간
열람실 언제까지 문 여나요?,운영시간
열람실 언제까지 문 열어?,운영시간
열람실 언제까지 문 닫아?,운영시간
열람실 언제까지 해?,운영시간
열람실 언제까지 가도 되나요?,운영시간
열람실 언제까지 가도 돼?,운영시간
열람실 언제까지 갈 수 있나요?,운영시간
스터디룸 언제까지 하나요?,운영시간
컴퓨터존 언제까지 하나요?,운영시간
pc존 언제까지 하나요?,운영시간
컴퓨터실 언제까지 하나요?,운영시간
도서관 얼마나 문 닫나요?,운영시간
도서관 얼마나 문 여나요?,운영시간
도서관 얼마나 문 열어?,운영시간
도서관 얼마나 문 닫아?,운영시간
도서관 얼마나 해?,운영시간
도서관 얼마나 가도 되나요?,운영시간
도서관 얼마나 가도 돼?,운영시간
도서관 얼마나 갈 수 있나요?,운영시간
도서관 몇 시간 문 닫나요?,운영시간
도서관 몇 시간 문 여나요?,운영시간
도서관 몇 시간 문 열어?,운영시간
도서관 몇 시간 문 닫아?,운영시간
도서관 몇 시간 해?,운영시간
도서관 몇 시간 가도 되나요?,운영시간
도서관 몇 시간 가도 돼?,운영시간
도서관 몇 시간 갈 수 있나요?,운영시간
도서관 몇 시까지 문 닫나요?,운영시간
도서관 몇 시까지 문 여나요?,운영시간
도서관 몇 시까지 문 열어?,운영시간
도서관 몇 시까지 문 닫아?,운영시간
도서관 몇 시까지 해?,운영시간
도서관 몇 시까지 가도 되나요?,운영시간
도서관 몇 시까지 가도 돼?,운영시간
도서관 몇 시까지 갈 수 있나요?,운영시간
도서관 언제 문 닫나요?,운영시간
도서관 언제 문 여나요?,운영시간
도서관 언제 문 열어?,운영시간
도서관 언제 문 닫아?,운영시간
도서관 언제 해?,운영시간
도서관 언제 가도 되나요?,운영시간
도서관 언제 가도 돼?,운영시간
도서관 언제 갈 수 있나요?,운영시간
도서실 내일 하나요?,운영시간
도서실 주말에 하나요?,운영시간
도서실 평일에 하나요?,운영시간
도서실 학기 중에 하나요?,운영시간
도서실 방학 때 하나요?,운영시간
도서실 밤에 하나요?,운영시간
도서실 낮에 하나요?,운영시간
도서실 아침에 하나요?,운영시간
도서실 새벽에 하나요?,운영시간
도서실 지금 하나요?,운영시간
도서실 오늘 문 닫나요?,운영시간
도서실 오늘 문 여나요?,운영시간
도서실 오늘 문 열어?,운영시간
도서실 오늘 문 닫아?,운영시간
도서실 오늘 해?,운영시간
도서실 오늘 가도 되나요?,운영시간
도서실 오늘 가도 돼?,운영시간
도서실 오늘 갈 수 있나요?,운영시간
미디어실 내일 하나요?,운영시간
미디어실 주말에 하나요?,운영시간
미디어실 평일에 하나요?,운영시간
미디어실 학기 중에 하나요?,운영시간
미디어실 방학 때 하나요?,운영시간
미디어실 밤에 하나요?,운영시간
미디어실 낮에 하나요?,운영시간
미디어실 아침에 하나요?,운영시간
미디어실 새벽에 하나요?,운영시간
미디어실 지금 하나요?,운영시간
미디어실 오늘 문 닫나요?,운영시간
미디어실 오늘 문 여나요?,운영시간
미디어실 오늘 문 열어?,운영시간
미디어실 오늘 문 닫아?,운영시간
미디어실 오늘 해?,운영시간
미디어실 오늘 가도 되나요?,운영시간
미디어실 오늘 가도 돼?,운영시간
미디어실 오늘 갈 수 있나요?,운영시간
일반도서실 내일 하나요?,운영시간
일반도서실 주말에 하나요?,운영시간
일반도서실 평일에 하나요?,운영시간
일반도서실 학기 중에 하나요?,운영시간
일반도서실 방학 때 하나요?,운영시간
일반도서실 밤에 하나요?,운영시간
일반도서실 낮에 하나요?,운영시간
일반도서실 아침에 하나요?,운영시간
일반도서실 새벽에 하나요?,운영시간
일반도서실 지금 하나요?,운영시간
일반도서실 오늘 문 닫나요?,운영시간
일반도서실 오늘 문 여나요?,운영시간
일반도서실 오늘 문 열어?,운영시간
일반도서실 오늘 문 닫아?,운영시간
일반도서실 오늘 해?,운영시간
일반도서실 오늘 가도 되나요?,운영시간
일반도서실 오늘 가도 돼?,운영시간
일반도서실 오늘 갈 수 있나요?,운영시간
멀티미디어실 내일 하나요?,운영시간
멀티미디어실 주말에 하나요?,운영시간
멀티미디어실 평일에 하나요?,운영시간
멀티미디어실 학기 중에 하나요?,운영시간
멀티미디어실 방학 때 하나요?,운영시간
멀티미디어실 밤에 하나요?,운영시간
멀티미디어실 낮에 하나요?,운영시간
멀티미디어실 아침에 하나요?,운영시간
멀티미디어실 새벽에 하나요?,운영시간
멀티미디어실 지금 하나요?,운영시간
멀티미디어실 오늘 문 닫나요?,운영시간
멀티미디어실 오늘 문 여나요?,운영시간
멀티미디어실 오늘 문 열어?,운영시간
멀티미디어실 오늘 문 닫아?,운영시간
멀티미디어실 오늘 해?,운영시간
멀티미디어실 오늘 가도 되나요?,운영시간
멀티미디어실 오늘 가도 돼?,운영시간
멀티미디어실 오늘 갈 수 있나요?,운영시간
열람실 내일 하나요?,운영시간
열람실 주말에 하나요?,운영시간
열람실 평일에 하나요?,운영시간
열람실 학기 중에 하나요?,운영시간
열람실 방학 때 하나요?,운영시간
열람실 밤에 하나요?,운영시간
열람실 낮에 하나요?,운영시간
열람실 아침에 하나요?,운영시간
열람실 새벽에 하나요?,운영시간
열람실 지금 하나요?,운영시간
열람실 오늘 문 닫나요?,운영시간
열람실 오늘 문 여나요?,운영시간
열람실 오늘 문 열어?,운영시간
열람실 오늘 문 닫아?,운영시간
열람실 오늘 해?,운영시간
열람실 오늘 가도 되나요?,운영시간
열람실 오늘 가도 돼?,운영시간
열람실 오늘 갈 수 있나요?,운영시간
스터디룸 오늘 하나요?,운영시간
컴퓨터존 오늘 하나요?,운영시간
pc존 오늘 하나요?,운영시간
컴퓨터실 오늘 하나요?,운영시간
도서관 내일 문 닫나요?,운영시간
도서관 내일 문 여나요?,운영시간
도서관 내일 문 열어?,운영시간
도서관 내일 문 닫아?,운영시간
도서관 내일 해?,운영시간
도서관 내일 가도 되나요?,운영시간
도서관 내일 가도 돼?,운영시간
도서관 내일 갈 수 있나요?,운영시간
도서관 주말에 문 닫나요?,운영시간
도서관 주말에 문 여나요?,운영시간
도서관 주말에 문 열어?,운영시간
도서관 주말에 문 닫아?,운영시간
도서관 주말에 해?,운영시간
도서관 주말에 가도 되나요?,운영시간
도서관 주말에 가도 돼?,운영시간
도서관 주말에 갈 수 있나요?,운영시간
도서관 평일에 문 닫나요?,운영시간
도서관 평일에 문 여나요?,운영시간
도서관 평일에 문 열어?,운영시간
도서관 평일에 문 닫아?,운영시간
도서관 평일에 해?,운영시간
도서관 평일에 가도 되나요?,운영시간
도서관 평일에 가도 돼?,운영시간
도서관 평일에 갈 수 있나요?,운영시간
도서관 학기 중에 문 닫나요?,운영시간
도서관 학기 중에 문 여나요?,운영시간
도서관 학기 중에 문 열어?,운영시간
도서관 학기 중에 문 닫아?,운영시간
도서관 학기 중에 해?,운영시간
도서관 학기 중에 가도 되나요?,운영시간
도서관 학기 중에 가도 돼?,운영시간
도서관 학기 중에 갈 수 있나요?,운영시간
도서관 방학 때 문 닫나요?,운영시간
도서관 방학 때 문 여나요?,운영시간
도서관 방학 때 문 열어?,운영시간
도서관 방학 때 문 닫아?,운영시간
도서관 방학 때 해?,운영시간
도서관 방학 때 가도 되나요?,운영시간
도서관 방학 때 가도 돼?,운영시간
도서관 방학 때 갈 수 있나요?,운영시간
도서관 밤에 문 닫나요?,운영시간
도서관 밤에 문 여나요?,운영시간
도서관 밤에 문 열어?,운영시간
도서관 밤에 문 닫아?,운영시간
도서관 밤에 해?,운영시간
도서관 밤에 가도 되나요?,운영시간
도서관 밤에 가도 돼?,운영시간
도서관 밤에 갈 수 있나요?,운영시간
도서관 낮에 문 닫나요?,운영시간
도서관 낮에 문 여나요?,운영시간
도서관 낮에 문 열어?,운영시간
도서관 낮에 문 닫아?,운영시간
도서관 낮에 해?,운영시간
도서관 낮에 가도 되나요?,운영시간
도서관 낮에 가도 돼?,운영시간
도서관 낮에 갈 수 있나요?,운영시간
도서관 아침에 문 닫나요?,운영시간
도서관 아침에 문 여나요?,운영시간
도서관 아침에 문 열어?,운영시간
도서관 아침에 문 닫아?,운영시간
도서관 아침에 해?,운영시간
도서관 아침에 가도 되나요?,운영시간
도서관 아침에 가도 돼?,운영시간
도서관 아침에 갈 수 있나요?,운영시간
도서관 새벽에 문 닫나요?,운영시간
도서관 새벽에 문 여나요?,운영시간
도서관 새벽에 문 열어?,운영시간
도서관 새벽에 문 닫아?,운영시간
도서관 새벽에 해?,운영시간
도서관 새벽에 가도 되나요?,운영시간
도서관 새벽에 가도 돼?,운영시간
도서관 새벽에 갈 수 있나요?,운영시간
도서관 지금 문 닫나요?,운영시간
도서관 지금 문 여나요?,운영시간
도서관 지금 문 열어?,운영시간
도서관 지금 문 닫아?,운영시간
도서관 지금 해?,운영시간
도서관 지금 가도 되나요?,운영시간
도서관 지금 가도 돼?,운영시간
도서관 지금 갈 수 있나요?,운영시간
스터디룸 운영 시간 어떻게 되나요?,운영시간
컴퓨터존 운영 시간 어떻게 되나요?,운영시간
pc존 운영 시간 어떻게 되나요?,운영시간
컴퓨터실 운영 시간 어떻게 되나요?,운영시간
내일 도서실 가도 돼요?,운영시간
주말에 도서실 가도 돼요?,운영시간
평일에 도서실 가도 돼요?,운영시간
학기 중에 도서실 가도 돼요?,운영시간
방학 때 도서실 가도 돼요?,운영시간
밤에 도서실 가도 돼요?,운영시간
낮에 도서실 가도 돼요?,운영시간
아침에 도서실 가도 돼요?,운영시간
새벽에 도서실 가도 돼요?,운영시간
지금 도서실 가도 돼요?,운영시간
내일 미디어실 가도 돼요?,운영시간
주말에 미디어실 가도 돼요?,운영시간
평일에 미디어실 가도 돼요?,운영시간
학기 중에 미디어실 가도 돼요?,운영시간
방학 때 미디어실 가도 돼요?,운영시간
밤에 미디어실 가도 돼요?,운영시간
낮에 미디어실 가도 돼요?,운영시간
아침에 미디어실 가도 돼요?,운영시간
새벽에 미디어실 가도 돼요?,운영시간
지금 미디어실 가도 돼요?,운영시간
내일 일반도서실 가도 돼요?,운영시간
주말에 일반도서실 가도 돼요?,운영시간
평일에 일반도서실 가도 돼요?,운영시간
학기 중에 일반도서실 가도 돼요?,운영시간
방학 때 일반도서실 가도 돼요?,운영시간
밤에 일반도서실 가도 돼요?,운영시간
낮에 일반도서실 가도 돼요?,운영시간
아침에 일반도서실 가도 돼요?,운영시간
새벽에 일반도서실 가도 돼요?,운영시간
지금 일반도서실 가도 돼요?,운영시간
내일 멀티미디어실 가도 돼요?,운영시간
주말에 멀티미디어실 가도 돼요?,운영시간
평일에 멀티미디어실 가도 돼요?,운영시간
학기 중에 멀티미디어실 가도 돼요?,운영시간
방학 때 멀티미디어실 가도 돼요?,운영시간
밤에 멀티미디어실 가도 돼요?,운영시간
낮에 멀티미디어실 가도 돼요?,운영시간
아침에 멀티미디어실 가도 돼요?,운영시간
새벽에 멀티미디어실 가도 돼요?,운영시간
지금 멀티미디어실 가도 돼요?,운영시간
내일 열람실 가도 돼요?,운영시간
주말에 열람실 가도 돼요?,운영시간
평일에 열람실 가도 돼요?,운영시간
학기 중에 열람실 가도 돼요?,운영시간
방학 때 열람실 가도 돼요?,운영시간
밤에 열람실 가도 돼요?,운영시간
낮에 열람실 가도 돼요?,운영시간
아침에 열람실 가도 돼요?,운영시간
새벽에 열람실 가도 돼요?,운영시간
지금 열람실 가도 돼요?,운영시간
오늘 스터디룸 가도 돼요?,운영시간
오늘 컴퓨터존 가도 돼요?,운영시간
오늘 pc존 가도 돼요?,운영시간
오늘 컴퓨터실 가도 돼요?,운영시간
스터디룸 아침에 가면 못 들어가나요?,운영시간
컴퓨터존 아침에 가면 못 들어가나요?,운영시간
pc존 아침에 가면 못 들어가나요?,운영시간
컴퓨터실 아침에 가면 못 들어가나요?,운영시간
도서 어디?,도서검색
도서 어딨음?,도서검색
도서 어디에 있어요?,도서검색
도서 찾아줘,도서검색
도서 있나요?,도서검색
도서 있어?,도서검색
자료 어디?,도서검색
자료 어딨음?,도서검색
자료 어디에 있어요?,도서검색
자료 찾아줘,도서검색
자료 있나요?,도서검색
자료 있어?,도서검색
교재 어디?,도서검색
교재 어딨음?,도서검색
교재 어디에 있어요?,도서검색
교재 찾아줘,도서검색
교재 있나요?,도서검색
교재 있어?,도서검색
문헌 어디?,도서검색
문헌 어딨음?,도서검색
문헌 어디에 있어요?,도서검색
문헌 찾아줘,도서검색
문헌 있나요?,도서검색
문헌 있어?,도서검색
도서 빌릴 수 있는지 알려줘,도서검색
도서 빌릴 수 있는지 모르겠어,도서검색
자료 빌릴 수 있는지 알려줘,도서검색
자료 빌릴 수 있는지 모르겠어,도서검색
교재 빌릴 수 있는지 알려줘,도서검색
교재 빌릴 수 있는지 모르겠어,도서검색
문헌 빌릴 수 있는지 알려줘,도서검색
문헌 빌릴 수 있는지 모르겠어,도서검색
스터디룸 좌석 남았나요?,자리현황
스터디룸 의자 남았나요?,자리현황
스터디룸 자리 있나요?,자리현황
스터디룸 자리 남았어?,자리현황
스터디룸 자리 있어?,자리현황
컴퓨터존 좌석 남았나요?,자리현황
컴퓨터존 의자 남았나요?,자리현황
컴퓨터존 자리 있나요?,자리현황
컴퓨터존 자리 남았어?,자리현황
컴퓨터존 자리 있어?,자리현황
pc존 좌석 남았나요?,자리현황
pc존 의자 남았나요?,자리현황
pc존 자리 있나요?,자리현황
pc존 자리 남았어?,자리현황
pc존 자리 있어?,자리현황
컴퓨터실 좌석 남았나요?,자리현황
컴퓨터실 의자 남았나요?,자리현황
컴퓨터실 자리 있나요?,자리현황
컴퓨터실 자리 남았어?,자리현황
컴퓨터실 자리 있어?,자리현황
열람실 좌석 있나요?,자리현황
열람실 좌석 남았어?,자리현황
열람실 좌석 있어?,자리현황
열람실 의자 있나요?,자리현황
열람실 의자 남았어?,자리현황
열람실 의자 있어?,자리현황
스터디룸 좌석 몇 개 남았나요?,자리현황
스터디룸 의자 몇 개 남았나요?,자리현황
스터디룸 자리 몇 명 남았나요?,자리현황
스터디룸 자리 얼마나 남았나요?,자리현황
스터디룸 자리 몇 개 있나요?,자리현황
스터디룸 자리 몇 개 남았어?,자리현황
스터디룸 자리 몇 개 있어?,자리현황
컴퓨터존 좌석 몇 개 남았나요?,자리현황
컴퓨터존 의자 몇 개 남았나요?,자리현황
컴퓨터존 자리 몇 명 남았나요?,자리현황
컴퓨터존 자리 얼마나 남았나요?,자리현황
컴퓨터존 자리 몇 개 있나요?,자리현황
컴퓨터존 자리 몇 개 남았어?,자리현황
컴퓨터존 자리 몇 개 있어?,자리현황
pc존 좌석 몇 개 남았나요?,자리현황
pc존 의자 몇 개 남았나요?,자리현황
pc존 자리 몇 명 남았나요?,자리현황
pc존 자리 얼마나 남았나요?,자리현황
pc존 자리 몇 개 있나요?,자리현황
pc존 자리 몇 개 남았어?,자리현황
pc존 자리 몇 개 있어?,자리현황
컴퓨터실 좌석 몇 개 남았나요?,자리현황
컴퓨터실 의자 몇 개 남았나요?,자리현황
컴퓨터실 자리 몇 명 남았나요?,자리현황
컴퓨터실 자리 얼마나 남았나요?,자리현황
컴퓨터실 자리 몇 개 있나요?,자리현황
컴퓨터실 자리 몇 개 남았어?,자리현황
컴퓨터실 자리 몇 개 있어?,자리현황
열람실 좌석 몇 명 남았나요?,자리현황
열람실 좌석 얼마나 남았나요?,자리현황
열람실 좌석 몇 개 있나요?,자리현황
열람실 좌석 몇 개 남았어?,자리현황
열람실 좌석 몇 개 있어?,자리현황
열람실 의자 몇 명 남았나요?,자리현황
열람실 의자 얼마나 남았나요?,자리현황
열람실 의자 몇 개 있나요?,자리현황
열람실 의자 몇 개 남았어?,자리현황
열람실 의자 몇 개 있어?,자리현황
열람실 자리 몇 명 있나요?,자리현황
열람실 자리 몇 명 남았어?,자리현황
열람실 자리 몇 명 있어?,자리현황
열람실 자리 얼마나 있나요?,자리현황
열람실 자리 얼마나 남았어?,자리현황
열람실 자리 얼마나 있어?,자리현황
스터디룸 가면 앉을 수 있나요?,자리현황
스터디룸 가면 앉을 수 남았어?,자리현황
스터디룸 가면 앉을 수 있어?,자리현황
컴퓨터존 가면 앉을 수 있나요?,자리현황
컴퓨터존 가면 앉을 수 남았어?,자리현황
컴퓨터존 가면 앉을 수 있어?,자리현황
pc존 가면 앉을 수 있나요?,자리현황
pc존 가면 앉을 수 남았어?,자리현황
pc존 가면 앉을 수 있어?,자리현황
컴퓨터실 가면 앉을 수 있나요?,자리현황
컴퓨터실 가면 앉을 수 남았어?,자리현황
컴퓨터실 가면 앉을 수 있어?,자리현황
스터디룸에 사람 몇 명 있나요?,자리현황
스터디룸에 사람 몇 명 남았어?,자리현황
스터디룸에 사람 몇 명 있어?,자리현황
컴퓨터존에 사람 몇 명 있나요?,자리현황
컴퓨터존에 사람 몇 명 남았어?,자리현황
컴퓨터존에 사람 몇 명 있어?,자리현황
pc존에 사람 몇 명 있나요?,자리현황
pc존에 사람 몇 명 남았어?,자리현황
pc존에 사람 몇 명 있어?,자리현황
컴퓨터실에 사람 몇 명 있나요?,자리현황
컴퓨터실에 사람 몇 명 남았어?,자리현황
컴퓨터실에 사람 몇 명 있어?,자리현황
스터디룸에 사람 적나요?,자리현황
스터디룸에 사람 많아?,자리현황
스터디룸에 사람 적어?,자리현황
컴퓨터존에 사람 적나요?,자리현황
컴퓨터존에 사람 많아?,자리현황
컴퓨터존에 사람 적어?,자리현황
pc존에 사람 적나요?,자리현황
pc존에 사람 많아?,자리현황
pc존에 사람 적어?,자리현황
컴퓨터실에 사람 적나요?,자리현황
컴퓨터실에 사람 많아?,자리현황
컴퓨터실에 사람 적어?,자리현황
도서실 얼마나 문 닫나요?,운영시간
도서실 얼마나 문 여나요?,운영시간
도서실 얼마나 문 열어?,운영시간
도서실 얼마나 문 닫아?,운영시간
도서실 얼마나 해?,운영시간
도서실 얼마나 가도 되나요?,운영시간
도서실 얼마나 가도 돼?,운영시간
도서실 얼마나 갈 수 있나요?,운영시간
도서실 몇 시간 문 닫나요?,운영시간
도서실 몇 시간 문 여나요?,운영시간
도서실 몇 시간 문 열어?,운영시간
도서실 몇 시간 문 닫아?,운영시간
도서실 몇 시간 해?,운영시간
도서실 몇 시간 가도 되나요?,운영시간
도서실 몇 시간 가도 돼?,운영시간
도서실 몇 시간 갈 수 있나요?,운영시간
도서실 몇 시까지 문 닫나요?,운영시간
도서실 몇 시까지 문 여나요?,운영시간
도서실 몇 시까지 문 열어?,운영시간
도서실 몇 시까지 문 닫아?,운영시간
도서실 몇 시까지 해?,운영시간
도서실 몇 시까지 가도 되나요?,운영시간
도서실 몇 시까지 가도 돼?,운영시간
도서실 몇 시까지 갈 수 있나요?,운영시간
도서실 언제 문 닫나요?,운영시간
도서실 언제 문 여나요?,운영시간
도서실 언제 문 열어?,운영시간
도서실 언제 문 닫아?,운영시간
도서실 언제 해?,운영시간
도서실 언제 가도 되나요?,운영시간
도서실 언제 가도 돼?,운영시간
도서실 언제 갈 수 있나요?,운영시간
미디어실 얼마나 문 닫나요?,운영시간
미디어실 얼마나 문 여나요?,운영시간
미디어실 얼마나 문 열어?,운영시간
미디어실 얼마나 문 닫아?,운영시간
미디어실 얼마나 해?,운영시간
미디어실 얼마나 가도 되나요?,운영시간
미디어실 얼마나 가도 돼?,운영시간
미디어실 얼마나 갈 수 있나요?,운영시간
미디어실 몇 시간 문 닫나요?,운영시간
미디어실 몇 시간 문 여나요?,운영시간
미디어실 몇 시간 문 열어?,운영시간
미디어실 몇 시간 문 닫아?,운영시간
미디어실 몇 시간 해?,운영시간
미디어실 몇 시간 가도 되나요?,운영시간
미디어실 몇 시간 가도 돼?,운영시간
미디어실 몇 시간 갈 수 있나요?,운영시간
미디어실 몇 시까지 문 닫나요?,운영시간
미디어실 몇 시까지 문 여나요?,운영시간
미디어실 몇 시까지 문 열어?,운영시간
미디어실 몇 시까지 문 닫아?,운영시간
미디어실 몇 시까지 해?,운영시간
미디어실 몇 시까지 가도 되나요?,운영시간
미디어실 몇 시까지 가도 돼?,운영시간
미디어실 몇 시까지 갈 수 있나요?,운영시간
미디어실 언제 문 닫나요?,운영시간
미디어실 언제 문 여나요?,운영시간
미디어실 언제 문 열어?,운영시간
미디어실 언제 문 닫아?,운영시간
미디어실 언제 해?,운영시간
미디어실 언제 가도 되나요?,운영시간
미디어실 언제 가도 돼?,운영시간
미디어실 언제 갈 수 있나요?,운영시간
일반도서실 얼마나 문 닫나요?,운영시간
일반도서실 얼마나 문 여나요?,운영시간
일반도서실 얼마나 문 열어?,운영시간
일반도서실 얼마나 문 닫아?,운영시간
일반도서실 얼마나 해?,운영시간
일반도서실 얼마나 가도 되나요?,운영시간
일반도서실 얼마나 가도 돼?,운영시간
일반도서실 얼마나 갈 수 있나요?,운영시간
일반도서실 몇 시간 문 닫나요?,운영시간
일반도서실 몇 시간 문 여나요?,운영시간
일반도서실 몇 시간 문 열어?,운영시간
일반도서실 몇 시간 문 닫아?,운영시간
일반도서실 몇 시간 해?,운영시간
일반도서실 몇 시간 가도 되나요?,운영시간
일반도서실 몇 시간 가도 돼?,운영시간
일반도서실 몇 시간 갈 수 있나요?,운영시간
일반도서실 몇 시까지 문 닫나요?,운영시간
일반도서실 몇 시까지 문 여나요?,운영시간
일반도서실 몇 시까지 문 열어?,운영시간
일반도서실 몇 시까지 문 닫아?,운영시간
일반도서실 몇 시까지 해?,운영시간
일반도서실 몇 시까지 가도 되나요?,운영시간
일반도서실 몇 시까지 가도 돼?,운영시간
일반도서실 몇 시까지 갈 수 있나요?,운영시간
일반도서실 언제 문 닫나요?,운영시간
일반도서실 언제 문 여나요?,운영시간
일반도서실 언제 문 열어?,운영시간
일반도서실 언제 문 닫아?,운영시간
일반도서실 언제 해?,운영시간
일반도서실 언제 가도 되나요?,운영시간
일반도서실 언제 가도 돼?,운영시간
일반도서실 언제 갈 수 있나요?,운영시간
멀티미디어실 얼마나 문 닫나요?,운영시간
멀티미디어실 얼마나 문 여나요?,운영시간
멀티미디어실 얼마나 문 열어?,운영시간
멀티미디어실 얼마나 문 닫아?,운영시간
멀티미디어실 얼마나 해?,운영시간
멀티미디어실 얼마나 가도 되나요?,운영시간
멀티미디어실 얼마나 가도 돼?,운영시간
멀티미디어실 얼마나 갈 수 있나요?,운영시간
멀티미디어실 몇 시간 문 닫나요?,운영시간
멀티미디어실 몇 시간 문 여나요?,운영시간
멀티미디어실 몇 시간 문 열어?,운영시간
멀티미디어실 몇 시간 문 닫아?,운영시간
멀티미디어실 몇 시간 해?,운영시간
멀티미디어실 몇 시간 가도 되나요?,운영시간
멀티미디어실 몇 시간 가도 돼?,운영시간
멀티미디어실 몇 시간 갈 수 있나요?,운영시간
멀티미디어실 몇 시까지 문 닫나요?,운영시간
멀티미디어실 몇 시까지 문 여나요?,운영시간
멀티미디어실 몇 시까지 문 열어?,운영시간
멀티미디어실 몇 시까지 문 닫아?,운영시간
멀티미디어실 몇 시까지 해?,운영시간
멀티미디어실 몇 시까지 가도 되나요?,운영시간
멀티미디어실 몇 시까지 가도 돼?,운영시간
멀티미디어실 몇 시까지 갈 수 있나요?,운영시간
멀티미디어실 언제 문 닫나요?,운영시간
멀티미디어실 언제 문 여나요?,운영시간
멀티미디어실 언제 문 열어?,운영시간
멀티미디어실 언제 문 닫아?,운영시간
멀티미디어실 언제 해?,운영시간
멀티미디어실 언제 가도 되나요?,운영시간
멀티미디어실 언제 가도 돼?,운영시간
멀티미디어실 언제 갈 수 있나요?,운영시간
열람실 얼마나 문 닫나요?,운영시간
열람실 얼마나 문 여나요?,운영시간
열람실 얼마나 문 열어?,운영시간
열람실 얼마나 문 닫아?,운영시간
열람실 얼마나 해?,운영시간
열람실 얼마나 가도 되나요?,운영시간
열람실 얼마나 가도 돼?,운영시간
열람실 얼마나 갈 수 있나요?,운영시간
스터디룸 얼마나 하나요?,운영시간
컴퓨터존 얼마나 하나요?,운영시간
pc존 얼마나 하나요?,운영시간
컴퓨터실 얼마나 하나요?,운영시간
열람실 몇 시간 문 닫나요?,운영시간
열람실 몇 시간 문 여나요?,운영시간
열람실 몇 시간 문 열어?,운영시간
열람실 몇 시간 문 닫아?,운영시간
열람실 몇 시간 해?,운영시간
열람실 몇 시간 가도 되나요?,운영시간
열람실 몇 시간 가도 돼?,운영시간
열람실 몇 시간 갈 수 있나요?,운영시간
스터디룸 몇 시간 하나요?,운영시간
컴퓨터존 몇 시간 하나요?,운영시간
pc존 몇 시간 하나요?,운영시간
컴퓨터실 몇 시간 하나요?,운영시간
열람실 몇 시까지 문 닫나요?,운영시간
열람실 몇 시까지 문 여나요?,운영시간
열람실 몇 시까지 문 열어?,운영시간
열람실 몇 시까지 문 닫아?,운영시간
열람실 몇 시까지 해?,운영시간
열람실 몇 시까지 가도 되나요?,운영시간
열람실 몇 시까지 가도 돼?,운영시간
열람실 몇 시까지 갈 수 있나요?,운영시간
스터디룸 몇 시까지 하나요?,운영시간
컴퓨터존 몇 시까지 하나요?,운영시간
pc존 몇 시까지 하나요?,운영시간
컴퓨터실 몇 시까지 하나요?,운영시간
열람실 언제 문 닫나요?,운영시간
열람실 언제 문 여나요?,운영시간
열람실 언제 문 열어?,운영시간
열람실 언제 문 닫아?,운영시간
열람실 언제 해?,운영시간
열람실 언제 가도 되나요?,운영시간
열람실 언제 가도 돼?,운영시간
열람실 언제 갈 수 있나요?,운영시간
스터디룸 언제 하나요?,운영시간
컴퓨터존 언제 하나요?,운영시간
pc존 언제 하나요?,운영시간
컴퓨터실 언제 하나요?,운영시간
스터디룸 언제까지 문 닫나요?,운영시간
컴퓨터존 언제까지 문 닫나요?,운영시간
pc존 언제까지 문 닫나요?,운영시간
컴퓨터실 언제까지 문 닫나요?,운영시간
스터디룸 언제까지 문 여나요?,운영시간
컴퓨터존 언제까지 문 여나요?,운영시간
pc존 언제까지 문 여나요?,운영시간
컴퓨터실 언제까지 문 여나요?,운영시간
스터디룸 언제까지 문 열어?,운영시간
컴퓨터존 언제까지 문 열어?,운영시간
pc존 언제까지 문 열어?,운영시간
컴퓨터실 언제까지 문 열어?,운영시간
스터디룸 언제까지 문 닫아?,운영시간
컴퓨터존 언제까지 문 닫아?,운영시간
pc존 언제까지 문 닫아?,운영시간
컴퓨터실 언제까지 문 닫아?,운영시간
스터디룸 언제까지 해?,운영시간
컴퓨터존 언제까지 해?,운영시간
pc존 언제까지 해?,운영시간
컴퓨터실 언제까지 해?,운영시간
스터디룸 언제까지 가도 되나요?,운영시간
컴퓨터존 언제까지 가도 되나요?,운영시간
pc존 언제까지 가도 되나요?,운영시간
컴퓨터실 언제까지 가도 되나요?,운영시간
스터디룸 언제까지 가도 돼?,운영시간
컴퓨터존 언제까지 가도 돼?,운영시간
pc존 언제까지 가도 돼?,운영시간
컴퓨터실 언제까지 가도 돼?,운영시간
스터디룸 언제까지 갈 수 있나요?,운영시간
컴퓨터존 언제까지 갈 수 있나요?,운영시간
pc존 언제까지 갈 수 있나요?,운영시간
컴퓨터실 언제까지 갈 수 있나요?,운영시간
도서실 내일 문 닫나요?,운영시간
도서실 내일 문 여나요?,운영시간
도서실 내일 문 열어?,운영시간
도서실 내일 문 닫아?,운영시간
도서실 내일 해?,운영시간
도서실 내일 가도 되나요?,운영시간
도서실 내일 가도 돼?,운영시간
도서실 내일 갈 수 있나요?,운영시간
도서실 주말에 문 닫나요?,운영시간
도서실 주말에 문 여나요?,운영시간
도서실 주말에 문 열어?,운영시간
도서실 주말에 문 닫아?,운영시간
도서실 주말에 해?,운영시간
도서실 주말에 가도 되나요?,운영시간
도서실 주말에 가도 돼?,운영시간
도서실 주말에 갈 수 있나요?,운영시간
도서실 평일에 문 닫나요?,운영시간
도서실 평일에 문 여나요?,운영시간
도서실 평일에 문 열어?,운영시간
도서실 평일에 문 닫아?,운영시간
도서실 평일에 해?,운영시간
도서실 평일에 가도 되나요?,운영시간
도서실 평일에 가도 돼?,운영시간
도서실 평일에 갈 수 있나요?,운영시간
도서실 학기 중에 문 닫나요?,운영시간
도서실 학기 중에 문 여나요?,운영시간
도서실 학기 중에 문 열어?,운영시간
도서실 학기 중에 문 닫아?,운영시간
도서실 학기 중에 해?,운영시간
도서실 학기 중에 가도 되나요?,운영시간
도서실 학기 중에 가도 돼?,운영시간
도서실 학기 중에 갈 수 있나요?,운영시간
도서실 방학 때 문 닫나요?,운영시간
도서실 방학 때 문 여나요?,운영시간
도서실 방학 때 문 열어?,운영시간
도서실 방학 때 문 닫아?,운영시간
도서실 방학 때 해?,운영시간
도서실 방학 때 가도 되나요?,운영시간
도서실 방학 때 가도 돼?,운영시간
도서실 방학 때 갈 수 있나요?,운영시간
도서실 밤에 문 닫나요?,운영시간
도서실 밤에 문 여나요?,운영시간
도서실 밤에 문 열어?,운영시간
도서실 밤에 문 닫아?,운영시간
도서실 밤에 해?,운영시간
도서실 밤에 가도 되나요?,운영시간
도서실 밤에 가도 돼?,운영시간
도서실 밤에 갈 수 있나요?,운영시간
도서실 낮에 문 닫나요?,운영시간
도서실 낮에 문 여나요?,운영시간
도서실 낮에 문 열어?,운영시간
도서실 낮에 문 닫아?,운영시간
도서실 낮에 해?,운영시간
도서실 낮에 가도 되나요?,운영시간
도서실 낮에 가도 돼?,운영시간
도서실 낮에 갈 수 있나요?,운영시간
도서실 아침에 문 닫나요?,운영시간
도서실 아침에 문 여나요?,운영시간
도서실 아침에 문 열어?,운영시간
도서실 아침에 문 닫아?,운영시간
도서실 아침에 해?,운영시간
도서실 아침에 가도 되나요?,운영시간
도서실 아침에 가도 돼?,운영시간
도서실 아침에 갈 수 있나요?,운영시간
도서실 새벽에 문 닫나요?,운영시간
도서실 새벽에 문 여나요?,운영시간
도서실 새벽에 문 열어?,운영시간
도서실 새벽에 문 닫아?,운영시간
도서실 새벽에 해?,운영시간
도서실 새벽에 가도 되나요?,운영시간
도서실 새벽에 가도 돼?,운영시간
도서실 새벽에 갈 수 있나요?,운영시간
도서실 지금 문 닫나요?,운영시간
도서실 지금 문 여나요?,운영시간
도서실 지금 문 열어?,운영시간
도서실 지금 문 닫아?,운영시간
도서실 지금 해?,운영시간
도서실 지금 가도 되나요?,운영시간
도서실 지금 가도 돼?,운영시간
도서실 지금 갈 수 있나요?,운영시간
미디어실 내일 문 닫나요?,운영시간
미디어실 내일 문 여나요?,운영시간
미디어실 내일 문 열어?,운영시간
미디어실 내일 문 닫아?,운영시간
미디어실 내일 해?,운영시간
미디어실 내일 가도 되나요?,운영시간
미디어실 내일 가도 돼?,운영시간
미디어실 내일 갈 수 있나요?,운영시간
미디어실 주말에 문 닫나요?,운영시간
미디어실 주말에 문 여나요?,운영시간
미디어실 주말에 문 열어?,운영시간
미디어실 주말에 문 닫아?,운영시간
미디어실 주말에 해?,운영시간
미디어실 주말에 가도 되나요?,운영시간
미디어실 주말에 가도 돼?,운영시간
미디어실 주말에 갈 수 있나요?,운영시간
미디어실 평일에 문 닫나요?,운영시간
미디어실 평일에 문 여나요?,운영시간
미디어실 평일에 문 열어?,운영시간
미디어실 평일에 문 닫아?,운영시간
미디어실 평일에 해?,운영시간
미디어실 평일에 가도 되나요?,운영시간
미디어실 평일에 가도 돼?,운영시간
미디어실 평일에 갈 수 있나요?,운영시간
미디어실 학기 중에 문 닫나요?,운영시간
미디어실 학기 중에 문 여나요?,운영시간
미디어실 학기 중에 문 열어?,운영시간
미디어실 학기 중에 문 닫아?,운영시간
미디어실 학기 중에 해?,운영시간
미디어실 학기 중에 가도 되나요?,운영시간
미디어실 학기 중에 가도 돼?,운영시간
미디어실 학기 중에 갈 수 있나요?,운영시간
미디어실 방학 때 문 닫나요?,운영시간
미디어실 방학 때 문 여나요?,운영시간
미디어실 방학 때 문 열어?,운영시간
미디어실 방학 때 문 닫아?,운영시간
미디어실 방학 때 해?,운영시간
미디어실 방학 때 가도 되나요?,운영시간
미디어실 방학 때 가도 돼?,운영시간
미디어실 방학 때 갈 수 있나요?,운영시간
미디어실 밤에 문 닫나요?,운영시간
미디어실 밤에 문 여나요?,운영시간
미디어실 밤에 문 열어?,운영시간
미디어실 밤에 문 닫아?,운영시간
미디어실 밤에 해?,운영시간
미디어실 밤에 가도 되나요?,운영시간
미디어실 밤에 가도 돼?,운영시간
미디어실 밤에 갈 수 있나요?,운영시간
미디어실 낮에 문 닫나요?,운영시간
미디어실 낮에 문 여나요?,운영시간
미디어실 낮에 문 열어?,운영시간
미디어실 낮에 문 닫아?,운영시간
미디어실 낮에 해?,운영시간
미디어실 낮에 가도 되나요?,운영시간
미디어실 낮에 가도 돼?,운영시간
미디어실 낮에 갈 수 있나요?,운영시간
미디어실 아침에 문 닫나요?,운영시간
미디어실 아침에 문 여나요?,운영시간
미디어실 아침에 문 열어?,운영시간
미디어실 아침에 문 닫아?,운영시간
미디어실 아침에 해?,운영시간
미디어실 아침에 가도 되나요?,운영시간
미디어실 아침에 가도 돼?,운영시간
미디어실 아침에 갈 수 있나요?,운영시간
미디어실 새벽에 문 닫나요?,운영시간
미디어실 새벽에 문 여나요?,운영시간
미디어실 새벽에 문 열어?,운영시간
미디어실 새벽에 문 닫아?,운영시간
미디어실 새벽에 해?,운영시간
미디어실 새벽에 가도 되나요?,운영시간
미디어실 새벽에 가도 돼?,운영시간
미디어실 새벽에 갈 수 있나요?,운영시간
미디어실 지금 문 닫나요?,운영시간
미디어실 지금 문 여나요?,운영시간
미디어실 지금 문 열어?,운영시간
미디어실 지금 문 닫아?,운영시간
미디어실 지금 해?,운영시간
미디어실 지금 가도 되나요?,운영시간
미디어실 지금 가도 돼?,운영시간
미디어실 지금 갈 수 있나요?,운영시간
일반도서실 내일 문 닫나요?,운영시간
일반도서실 내일 문 여나요?,운영시간
일반도서실 내일 문 열어?,운영시간
일반도서실 내일 문 닫아?,운영시간
일반도서실 내일 해?,운영시간
일반도서실 내일 가도 되나요?,운영시간
일반도서실 내일 가도 돼?,운영시간
일반도서실 내일 갈 수 있나요?,운영시간
일반도서실 주말에 문 닫나요?,운영시간
일반도서실 주말에 문 여나요?,운영시간
일반도서실 주말에 문 열어?,운영시간
일반도서실 주말에 문 닫아?,운영시간
일반도서실 주말에 해?,운영시간
일반도서실 주말에 가도 되나요?,운영시간
일반도서실 주말에 가도 돼?,운영시간
일반도서실 주말에 갈 수 있나요?,운영시간
일반도서실 평일에 문 닫나요?,운영시간
일반도서실 평일에 문 여나요?,운영시간
일반도서실 평일에 문 열어?,운영시간
일반도서실 평일에 문 닫아?,운영시간
일반도서실 평일에 해?,운영시간
일반도서실 평일에 가도 되나요?,운영시간
일반도서실 평일에 가도 돼?,운영시간
일반도서실 평일에 갈 수 있나요?,운영시간
일반도서실 학기 중에 문 닫나요?,운영시간
일반도서실 학기 중에 문 여나요?,운영시간
일반도서실 학기 중에 문 열어?,운영시간
일반도서실 학기 중에 문 닫아?,운영시간
일반도서실 학기 중에 해?,운영시간
일반도서실 학기 중에 가도 되나요?,운영시간
일반도서실 학기 중에 가도 돼?,운영시간
일반도서실 학기 중에 갈 수 있나요?,운영시간
일반도서실 방학 때 문 닫나요?,운영시간
일반도서실 방학 때 문 여나요?,운영시간
일반도서실 방학 때 문 열어?,운영시간
일반도서실 방학 때 문 닫아?,운영시간
일반도서실 방학 때 해?,운영시간
일반도서실 방학 때 가도 되나요?,운영시간
일반도서실 방학 때 가도 돼?,운영시간
일반도서실 방학 때 갈 수 있나요?,운영시간
일반도서실 밤에 문 닫나요?,운영시간
일반도서실 밤에 문 여나요?,운영시간
일반도서실 밤에 문 열어?,운영시간
일반도서실 밤에 문 닫아?,운영시간
일반도서실 밤에 해?,운영시간
일반도서실 밤에 가도 되나요?,운영시간
일반도서실 밤에 가도 돼?,운영시간
일반도서실 밤에 갈 수 있나요?,운영시간
일반도서실 낮에 문 닫나요?,운영시간
일반도서실 낮에 문 여나요?,운영시간
일반도서실 낮에 문 열어?,운영시간
일반도서실 낮에 문 닫아?,운영시간
일반도서실 낮에 해?,운영시간
일반도서실 낮에 가도 되나요?,운영시간
일반도서실 낮에 가도 돼?,운영시간
일반도서실 낮에 갈 수 있나요?,운영시간
일반도서실 아침에 문 닫나요?,운영시간
일반도서실 아침에 문 여나요?,운영시간
일반도서실 아침에 문 열어?,운영시간
일반도서실 아침에 문 닫아?,운영시간
일반도서실 아침에 해?,운영시간
일반도서실 아침에 가도 되나요?,운영시간
일반도서실 아침에 가도 돼?,운영시간
일반도서실 아침에 갈 수 있나요?,운영시간
일반도서실 새벽에 문 닫나요?,운영시간
일반도서실 새벽에 문 여나요?,운영시간
일반도서실 새벽에 문 열어?,운영시간
일반도서실 새벽에 문 닫아?,운영시간
일반도서실 새벽에 해?,운영시간
일반도서실 새벽에 가도 되나요?,운영시간
일반도서실 새벽에 가도 돼?,운영시간
일반도서실 새벽에 갈 수 있나요?,운영시간
일반도서실 지금 문 닫나요?,운영시간
일반도서실 지금 문 여나요?,운영시간
일반도서실 지금 문 열어?,운영시간
일반도서실 지금 문 닫아?,운영시간
일반도서실 지금 해?,운영시간
일반도서실 지금 가도 되나요?,운영시간
일반도서실 지금 가도 돼?,운영시간
일반도서실 지금 갈 수 있나요?,운영시간
멀티미디어실 내일 문 닫나요?,운영시간
멀티미디어실 내일 문 여나요?,운영시간
멀티미디어실 내일 문 열어?,운영시간
멀티미디어실 내일 문 닫아?,운영시간
멀티미디어실 내일 해?,운영시간
멀티미디어실 내일 가도 되나요?,운영시간
멀티미디어실 내일 가도 돼?,운영시간
멀티미디어실 내일 갈 수 있나요?,운영시간
멀티미디어실 주말에 문 닫나요?,운영시간
멀티미디어실 주말에 문 여나요?,운영시간
멀티미디어실 주말에 문 열어?,운영시간
멀티미디어실 주말에 문 닫아?,운영시간
멀티미디어실 주말에 해?,운영시간
멀티미디어실 주말에 가도 되나요?,운영시간
멀티미디어실 주말에 가도 돼?,운영시간
멀티미디어실 주말에 갈 수 있나요?,운영시간
멀티미디어실 평일에 문 닫나요?,운영시간
멀티미디어실 평일에 문 여나요?,운영시간
멀티미디어실 평일에 문 열어?,운영시간
멀티미디어실 평일에 문 닫아?,운영시간
멀티미디어실 평일에 해?,운영시간
멀티미디어실 평일에 가도 되나요?,운영시간
멀티미디어실 평일에 가도 돼?,운영시간
멀티미디어실 평일에 갈 수 있나요?,운영시간
멀티미디어실 학기 중에 문 닫나요?,운영시간
멀티미디어실 학기 중에 문 여나요?,운영시간
멀티미디어실 학기 중에 문 열어?,운영시간
멀티미디어실 학기 중에 문 닫아?,운영시간
멀티미디어실 학기 중에 해?,운영시간
멀티미디어실 학기 중에 가도 되나요?,운영시간
멀티미디어실 학기 중에 가도 돼?,운영시간
멀티미디어실 학기 중에 갈 수 있나요?,운영시간
멀티미디어실 방학 때 문 닫나요?,운영시간
멀티미디어실 방학 때 문 여나요?,운영시간
멀티미디어실 방학 때 문 열어?,운영시간
멀티미디어실 방학 때 문 닫아?,운영시간
멀티미디어실 방학 때 해?,운영시간
멀티미디어실 방학 때 가도 되나요?,운영시간
멀티미디어실 방학 때 가도 돼?,운영시간
멀티미디어실 방학 때 갈 수 있나요?,운영시간
멀티미디어실 밤에 문 닫나요?,운영시간
멀티미디어실 밤에 문 여나요?,운영시간
멀티미디어실 밤에 문 열어?,운영시간
멀티미디어실 밤에 문 닫아?,운영시간
멀티미디어실 밤에 해?,운영시간
멀티미디어실 밤에 가도 되나요?,운영시간
멀티미디어실 밤에 가도 돼?,운영시간
멀티미디어실 밤에 갈 수 있나요?,운영시간
멀티미디어실 낮에 문 닫나요?,운영시간
멀티미디어실 낮에 문 여나요?,운영시간
멀티미디어실 낮에 문 열어?,운영시간
멀티미디어실 낮에 문 닫아?,운영시간
멀티미디어실 낮에 해?,운영시간
멀티미디어실 낮에 가도 되나요?,운영시간
멀티미디어실 낮에 가도 돼?,운영시간
멀티미디어실 낮에 갈 수 있나요?,운영시간
멀티미디어실 아침에 문 닫나요?,운영시간
멀티미디어실 아침에 문 여나요?,운영시간
멀티미디어실 아침에 문 열어?,운영시간
멀티미디어실 아침에 문 닫아?,운영시간
멀티미디어실 아침에 해?,운영시간
멀티미디어실 아침에 가도 되나요?,운영시간
멀티미디어실 아침에 가도 돼?,운영시간
멀티미디어실 아침에 갈 수 있나요?,운영시간
멀티미디어실 새벽에 문 닫나요?,운영시간
멀티미디어실 새벽에 문 여나요?,운영시간
멀티미디어실 새벽에 문 열어?,운영시간
멀티미디어실 새벽에 문 닫아?,운영시간
멀티미디어실 새벽에 해?,운영시간
멀티미디어실 새벽에 가도 되나요?,운영시간
멀티미디어실 새벽에 가도 돼?,운영시간
멀티미디어실 새벽에 갈 수 있나요?,운영시간
멀티미디어실 지금 문 닫나요?,운영시간
멀티미디어실 지금 문 여나요?,운영시간
멀티미디어실 지금 문 열어?,운영시간
멀티미디어실 지금 문 닫아?,운영시간
멀티미디어실 지금 해?,운영시간
멀티미디어실 지금 가도 되나요?,운영시간
멀티미디어실 지금 가도 돼?,운영시간
멀티미디어실 지금 갈 수 있나요?,운영시간
열람실 내일 문 닫나요?,운영시간
열람실 내일 문 여나요?,운영시간
열람실 내일 문 열어?,운영시간
열람실 내일 문 닫아?,운영시간
열람실 내일 해?,운영시간
열람실 내일 가도 되나요?,운영시간
열람실 내일 가도 돼?,운영시간
열람실 내일 갈 수 있나요?,운영시간
스터디룸 내일 하나요?,운영시간
컴퓨터존 내일 하나요?,운영시간
pc존 내일 하나요?,운영시간
컴퓨터실 내일 하나요?,운영시간
열람실 주말에 문 닫나요?,운영시간
열람실 주말에 문 여나요?,운영시간
열람실 주말에 문 열어?,운영시간
열람실 주말에 문 닫아?,운영시간
열람실 주말에 해?,운영시간
열람실 주말에 가도 되나요?,운영시간
열람실 주말에 가도 돼?,운영시간
열람실 주말에 갈 수 있나요?,운영시간
스터디룸 주말에 하나요?,운영시간
컴퓨터존 주말에 하나요?,운영시간
pc존 주말에 하나요?,운영시간
컴퓨터실 주말에 하나요?,운영시간
열람실 평일에 문 닫나요?,운영시간
열람실 평일에 문 여나요?,운영시간
열람실 평일에 문 열어?,운영시간
열람실 평일에 문 닫아?,운영시간
열람실 평일에 해?,운영시간
열람실 평일에 가도 되나요?,운영시간
열람실 평일에 가도 돼?,운영시간
열람실 평일에 갈 수 있나요?,운영시간
스터디룸 평일에 하나요?,운영시간
컴퓨터존 평일에 하나요?,운영시간
pc존 평일에 하나요?,운영시간
컴퓨터실 평일에 하나요?,운영시간
열람실 학기 중에 문 닫나요?,운영시간
열람실 학기 중에 문 여나요?,운영시간
열람실 학기 중에 문 열어?,운영시간
열람실 학기 중에 문 닫아?,운영시간
열람실 학기 중에 해?,운영시간
열람실 학기 중에 가도 되나요?,운영시간
열람실 학기 중에 가도 돼?,운영시간
열람실 학기 중에 갈 수 있나요?,운영시간
스터디룸 학기 중에 하나요?,운영시간
컴퓨터존 학기 중에 하나요?,운영시간
pc존 학기 중에 하나요?,운영시간
컴퓨터실 학기 중에 하나요?,운영시간
열람실 방학 때 문 닫나요?,운영시간
열람실 방학 때 문 여나요?,운영시간
열람실 방학 때 문 열어?,운영시간
열람실 방학 때 문 닫아?,운영시간
열람실 방학 때 해?,운영시간
열람실 방학 때 가도 되나요?,운영시간
열람실 방학 때 가도 돼?,운영시간
열람실 방학 때 갈 수 있나요?,운영시간
스터디룸 방학 때 하나요?,운영시간
컴퓨터존 방학 때 하나요?,운영시간
pc존 방학 때 하나요?,운영시간
컴퓨터실 방학 때 하나요?,운영시간
열람실 밤에 문 닫나요?,운영시간
열람실 밤에 문 여나요?,운영시간
열람실 밤에 문 열어?,운영시간
열람실 밤에 문 닫아?,운영시간
열람실 밤에 해?,운영시간
열람실 밤에 가도 되나요?,운영시간
열람실 밤에 가도 돼?,운영시간
열람실 밤에 갈 수 있나요?,운영시간
스터디룸 밤에 하나요?,운영시간
컴퓨터존 밤에 하나요?,운영시간
pc존 밤에 하나요?,운영시간
컴퓨터실 밤에 하나요?,운영시간
열람실 낮에 문 닫나요?,운영시간
열람실 낮에 문 여나요?,운영시간
열람실 낮에 문 열어?,운영시간
열람실 낮에 문 닫아?,운영시간
열람실 낮에 해?,운영시간
열람실 낮에 가도 되나요?,운영시간
열람실 낮에 가도 돼?,운영시간
열람실 낮에 갈 수 있나요?,운영시간
스터디룸 낮에 하나요?,운영시간
컴퓨터존 낮에 하나요?,운영시간
pc존 낮에 하나요?,운영시간
컴퓨터실 낮에 하나요?,운영시간
열람실 아침에 문 닫나요?,운영시간
열람실 아침에 문 여나요?,운영시간
열람실 아침에 문 열어?,운영시간
열람실 아침에 문 닫아?,운영시간
열람실 아침에 해?,운영시간
열람실 아침에 가도 되나요?,운영시간
열람실 아침에 가도 돼?,운영시간
열람실 아침에 갈 수 있나요?,운영시간
스터디룸 아침에 하나요?,운영시간
컴퓨터존 아침에 하나요?,운영시간
pc존 아침에 하나요?,운영시간
컴퓨터실 아침에 하나요?,운영시간
열람실 새벽에 문 닫나요?,운영시간
열람실 새벽에 문 여나요?,운영시간
열람실 새벽에 문 열어?,운영시간
열람실 새벽에 문 닫아?,운영시간
열람실 새벽에 해?,운영시간
열람실 새벽에 가도 되나요?,운영시간
열람실 새벽에 가도 돼?,운영시간
열람실 새벽에 갈 수 있나요?,운영시간
스터디룸 새벽에 하나요?,운영시간
컴퓨터존 새벽에 하나요?,운영시간
pc존 새벽에 하나요?,운영시간
컴퓨터실 새벽에 하나요?,운영시간
열람실 지금 문 닫나요?,운영시간
열람실 지금 문 여나요?,운영시간
열람실 지금 문 열어?,운영시간
열람실 지금 문 닫아?,운영시간
열람실 지금 해?,운영시간
열람실 지금 가도 되나요?,운영시간
열람실 지금 가도 돼?,운영시간
열람실 지금 갈 수 있나요?,운영시간
스터디룸 지금 하나요?,운영시간
컴퓨터존 지금 하나요?,운영시간
pc존 지금 하나요?,운영시간
컴퓨터실 지금 하나요?,운영시간
스터디룸 오늘 문 닫나요?,운영시간
컴퓨터존 오늘 문 닫나요?,운영시간
pc존 오늘 문 닫나요?,운영시간
컴퓨터실 오늘 문 닫나요?,운영시간
스터디룸 오늘 문 여나요?,운영시간
컴퓨터존 오늘 문 여나요?,운영시간
pc존 오늘 문 여나요?,운영시간
컴퓨터실 오늘 문 여나요?,운영시간
스터디룸 오늘 문 열어?,운영시간
컴퓨터존 오늘 문 열어?,운영시간
pc존 오늘 문 열어?,운영시간
컴퓨터실 오늘 문 열어?,운영시간
스터디룸 오늘 문 닫아?,운영시간
컴퓨터존 오늘 문 닫아?,운영시간
pc존 오늘 문 닫아?,운영시간
컴퓨터실 오늘 문 닫아?,운영시간
스터디룸 오늘 해?,운영시간
컴퓨터존 오늘 해?,운영시간
pc존 오늘 해?,운영시간
컴퓨터실 오늘 해?,운영시간
스터디룸 오늘 가도 되나요?,운영시간
컴퓨터존 오늘 가도 되나요?,운영시간
pc존 오늘 가도 되나요?,운영시간
컴퓨터실 오늘 가도 되나요?,운영시간
스터디룸 오늘 가도 돼?,운영시간
컴퓨터존 오늘 가도 돼?,운영시간
pc존 오늘 가도 돼?,운영시간
컴퓨터실 오늘 가도 돼?,운영시간
스터디룸 오늘 갈 수 있나요?,운영시간
컴퓨터존 오늘 갈 수 있나요?,운영시간
pc존 오늘 갈 수 있나요?,운영시간
컴퓨터실 오늘 갈 수 있나요?,운영시간
내일 스터디룸 가도 돼요?,운영시간
내일 컴퓨터존 가도 돼요?,운영시간
내일 pc존 가도 돼요?,운영시간
내일 컴퓨터실 가도 돼요?,운영시간
주말에 스터디룸 가도 돼요?,운영시간
주말에 컴퓨터존 가도 돼요?,운영시간
주말에 pc존 가도 돼요?,운영시간
주말에 컴퓨터실 가도 돼요?,운영시간
평일에 스터디룸 가도 돼요?,운영시간
평일에 컴퓨터존 가도 돼요?,운영시간
평일에 pc존 가도 돼요?,운영시간
평일에 컴퓨터실 가도 돼요?,운영시간
학기 중에 스터디룸 가도 돼요?,운영시간
학기 중에 컴퓨터존 가도 돼요?,운영시간
학기 중에 pc존 가도 돼요?,운영시간
학기 중에 컴퓨터실 가도 돼요?,운영시간
방학 때 스터디룸 가도 돼요?,운영시간
방학 때 컴퓨터존 가도 돼요?,운영시간
방학 때 pc존 가도 돼요?,운영시간
방학 때 컴퓨터실 가도 돼요?,운영시간
밤에 스터디룸 가도 돼요?,운영시간
밤에 컴퓨터존 가도 돼요?,운영시간
밤에 pc존 가도 돼요?,운영시간
밤에 컴퓨터실 가도 돼요?,운영시간
낮에 스터디룸 가도 돼요?,운영시간
낮에 컴퓨터존 가도 돼요?,운영시간
낮에 pc존 가도 돼요?,운영시간
낮에 컴퓨터실 가도 돼요?,운영시간
아침에 스터디룸 가도 돼요?,운영시간
아침에 컴퓨터존 가도 돼요?,운영시간
아침에 pc존 가도 돼요?,운영시간
아침에 컴퓨터실 가도 돼요?,운영시간
새벽에 스터디룸 가도 돼요?,운영시간
새벽에 컴퓨터존 가도 돼요?,운영시간
새벽에 pc존 가도 돼요?,운영시간
새벽에 컴퓨터실 가도 돼요?,운영시간
지금 스터디룸 가도 돼요?,운영시간
지금 컴퓨터존 가도 돼요?,운영시간
지금 pc존 가도 돼요?,운영시간
지금 컴퓨터실 가도 돼요?,운영시간
스터디룸 좌석 있나요?,자리현황
스터디룸 좌석 남았어?,자리현황
스터디룸 좌석 있어?,자리현황
스터디룸 의자 있나요?,자리현황
스터디룸 의자 남았어?,자리현황
스터디룸 의자 있어?,자리현황
컴퓨터존 좌석 있나요?,자리현황
컴퓨터존 좌석 남았어?,자리현황
컴퓨터존 좌석 있어?,자리현황
컴퓨터존 의자 있나요?,자리현황
컴퓨터존 의자 남았어?,자리현황
컴퓨터존 의자 있어?,자리현황
pc존 좌석 있나요?,자리현황
pc존 좌석 남았어?,자리현황
pc존 좌석 있어?,자리현황
pc존 의자 있나요?,자리현황
pc존 의자 남았어?,자리현황
pc존 의자 있어?,자리현황
컴퓨터실 좌석 있나요?,자리현황
컴퓨터실 좌석 남았어?,자리현황
컴퓨터실 좌석 있어?,자리현황
컴퓨터실 의자 있나요?,자리현황
컴퓨터실 의자 남았어?,자리현황
컴퓨터실 의자 있어?,자리현황
스터디룸 좌석 몇 명 남았나요?,자리현황
스터디룸 좌석 얼마나 남았나요?,자리현황
스터디룸 좌석 몇 개 있나요?,자리현황
스터디룸 좌석 몇 개 남았어?,자리현황
스터디룸 좌석 몇 개 있어?,자리현황
스터디룸 의자 몇 명 남았나요?,자리현황
스터디룸 의자 얼마나 남았나요?,자리현황
스터디룸 의자 몇 개 있나요?,자리현황
스터디룸 의자 몇 개 남았어?,자리현황
스터디룸 의자 몇 개 있어?,자리현황
스터디룸 자리 몇 명 있나요?,자리현황
스터디룸 자리 몇 명 남았어?,자리현황
스터디룸 자리 몇 명 있어?,자리현황
스터디룸 자리 얼마나 있나요?,자리현황
스터디룸 자리 얼마나 남았어?,자리현황
스터디룸 자리 얼마나 있어?,자리현황
컴퓨터존 좌석 몇 명 남았나요?,자리현황
컴퓨터존 좌석 얼마나 남았나요?,자리현황
컴퓨터존 좌석 몇 개 있나요?,자리현황
컴퓨터존 좌석 몇 개 남았어?,자리현황
컴퓨터존 좌석 몇 개 있어?,자리현황
컴퓨터존 의자 몇 명 남았나요?,자리현황
컴퓨터존 의자 얼마나 남았나요?,자리현황
컴퓨터존 의자 몇 개 있나요?,자리현황
컴퓨터존 의자 몇 개 남았어?,자리현황
컴퓨터존 의자 몇 개 있어?,자리현황
컴퓨터존 자리 몇 명 있나요?,자리현황
컴퓨터존 자리 몇 명 남았어?,자리현황
컴퓨터존 자리 몇 명 있어?,자리현황
컴퓨터존 자리 얼마나 있나요?,자리현황
컴퓨터존 자리 얼마나 남았어?,자리현황
컴퓨터존 자리 얼마나 있어?,자리현황
pc존 좌석 몇 명 남았나요?,자리현황
pc존 좌석 얼마나 남았나요?,자리현황
pc존 좌석 몇 개 있나요?,자리현황
pc존 좌석 몇 개 남았어?,자리현황
pc존 좌석 몇 개 있어?,자리현황
pc존 의자 몇 명 남았나요?,자리현황
pc존 의자 얼마나 남았나요?,자리현황
pc존 의자 몇 개 있나요?,자리현황
pc존 의자 몇 개 남았어?,자리현황
pc존 의자 몇 개 있어?,자리현황
pc존 자리 몇 명 있나요?,자리현황
pc존 자리 몇 명 남았어?,자리현황
pc존 자리 몇 명 있어?,자리현황
pc존 자리 얼마나 있나요?,자리현황
pc존 자리 얼마나 남았어?,자리현황
pc존 자리 얼마나 있어?,자리현황
컴퓨터실 좌석 몇 명 남았나요?,자리현황
컴퓨터실 좌석 얼마나 남았나요?,자리현황
컴퓨터실 좌석 몇 개 있나요?,자리현황
컴퓨터실 좌석 몇 개 남았어?,자리현황
컴퓨터실 좌석 몇 개 있어?,자리현황
컴퓨터실 의자 몇 명 남았나요?,자리현황
컴퓨터실 의자 얼마나 남았나요?,자리현황
컴퓨터실 의자 몇 개 있나요?,자리현황
컴퓨터실 의자 몇 개 남았어?,자리현황
컴퓨터실 의자 몇 개 있어?,자리현황
컴퓨터실 자리 몇 명 있나요?,자리현황
컴퓨터실 자리 몇 명 남았어?,자리현황
컴퓨터실 자리 몇 명 있어?,자리현황
컴퓨터실 자리 얼마나 있나요?,자리현황
컴퓨터실 자리 얼마나 남았어?,자리현황
컴퓨터실 자리 얼마나 있어?,자리현황
열람실 좌석 몇 명 있나요?,자리현황
열람실 좌석 몇 명 남았어?,자리현황
열람실 좌석 몇 명 있어?,자리현황
열람실 좌석 얼마나 있나요?,자리현황
열람실 좌석 얼마나 남았어?,자리현황
열람실 좌석 얼마나 있어?,자리현황
열람실 의자 몇 명 있나요?,자리현황
열람실 의자 몇 명 남았어?,자리현황
열람실 의자 몇 명 있어?,자리현황
열람실 의자 얼마나 있나요?,자리현황
열람실 의자 얼마나 남았어?,자리현황
열람실 의자 얼마나 있어?,자리현황
스터디룸 얼마나 문 닫나요?,운영시간
컴퓨터존 얼마나 문 닫나요?,운영시간
pc존 얼마나 문 닫나요?,운영시간
컴퓨터실 얼마나 문 닫나요?,운영시간
스터디룸 얼마나 문 여나요?,운영시간
컴퓨터존 얼마나 문 여나요?,운영시간
pc존 얼마나 문 여나요?,운영시간
컴퓨터실 얼마나 문 여나요?,운영시간
스터디룸 얼마나 문 열어?,운영시간
컴퓨터존 얼마나 문 열어?,운영시간
pc존 얼마나 문 열어?,운영시간
컴퓨터실 얼마나 문 열어?,운영시간
스터디룸 얼마나 문 닫아?,운영시간
컴퓨터존 얼마나 문 닫아?,운영시간
pc존 얼마나 문 닫아?,운영시간
컴퓨터실 얼마나 문 닫아?,운영시간
스터디룸 얼마나 해?,운영시간
컴퓨터존 얼마나 해?,운영시간
pc존 얼마나 해?,운영시간
컴퓨터실 얼마나 해?,운영시간
스터디룸 얼마나 가도 되나요?,운영시간
컴퓨터존 얼마나 가도 되나요?,운영시간
pc존 얼마나 가도 되나요?,운영시간
컴퓨터실 얼마나 가도 되나요?,운영시간
스터디룸 얼마나 가도 돼?,운영시간
컴퓨터존 얼마나 가도 돼?,운영시간
pc존 얼마나 가도 돼?,운영시간
컴퓨터실 얼마나 가도 돼?,운영시간
스터디룸 얼마나 갈 수 있나요?,운영시간
컴퓨터존 얼마나 갈 수 있나요?,운영시간
pc존 얼마나 갈 수 있나요?,운영시간
컴퓨터실 얼마나 갈 수 있나요?,운영시간
스터디룸 몇 시간 문 닫나요?,운영시간
컴퓨터존 몇 시간 문 닫나요?,운영시간
pc존 몇 시간 문 닫나요?,운영시간
컴퓨터실 몇 시간 문 닫나요?,운영시간
스터디룸 몇 시간 문 여나요?,운영시간
컴퓨터존 몇 시간 문 여나요?,운영시간
pc존 몇 시간 문 여나요?,운영시간
컴퓨터실 몇 시간 문 여나요?,운영시간
스터디룸 몇 시간 문 열어?,운영시간
컴퓨터존 몇 시간 문 열어?,운영시간
pc존 몇 시간 문 열어?,운영시간
컴퓨터실 몇 시간 문 열어?,운영시간
스터디룸 몇 시간 문 닫아?,운영시간
컴퓨터존 몇 시간 문 닫아?,운영시간
pc존 몇 시간 문 닫아?,운영시간
컴퓨터실 몇 시간 문 닫아?,운영시간
스터디룸 몇 시간 해?,운영시간
컴퓨터존 몇 시간 해?,운영시간
pc존 몇 시간 해?,운영시간
컴퓨터실 몇 시간 해?,운영시간
스터디룸 몇 시간 가도 되나요?,운영시간
컴퓨터존 몇 시간 가도 되나요?,운영시간
pc존 몇 시간 가도 되나요?,운영시간
컴퓨터실 몇 시간 가도 되나요?,운영시간
스터디룸 몇 시간 가도 돼?,운영시간
컴퓨터존 몇 시간 가도 돼?,운영시간
pc존 몇 시간 가도 돼?,운영시간
컴퓨터실 몇 시간 가도 돼?,운영시간
스터디룸 몇 시간 갈 수 있나요?,운영시간
컴퓨터존 몇 시간 갈 수 있나요?,운영시간
pc존 몇 시간 갈 수 있나요?,운영시간
컴퓨터실 몇 시간 갈 수 있나요?,운영시간
스터디룸 몇 시까지 문 닫나요?,운영시간
컴퓨터존 몇 시까지 문 닫나요?,운영시간
pc존 몇 시까지 문 닫나요?,운영시간
컴퓨터실 몇 시까지 문 닫나요?,운영시간
스터디룸 몇 시까지 문 여나요?,운영시간
컴퓨터존 몇 시까지 문 여나요?,운영시간
pc존 몇 시까지 문 여나요?,운영시간
컴퓨터실 몇 시까지 문 여나요?,운영시간
스터디룸 몇 시까지 문 열어?,운영시간
컴퓨터존 몇 시까지 문 열어?,운영시간
pc존 몇 시까지 문 열어?,운영시간
컴퓨터실 몇 시까지 문 열어?,운영시간
스터디룸 몇 시까지 문 닫아?,운영시간
컴퓨터존 몇 시까지 문 닫아?,운영시간
pc존 몇 시까지 문 닫아?,운영시간
컴퓨터실 몇 시까지 문 닫아?,운영시간
스터디룸 몇 시까지 해?,운영시간
컴퓨터존 몇 시까지 해?,운영시간
pc존 몇 시까지 해?,운영시간
컴퓨터실 몇 시까지 해?,운영시간
스터디룸 몇 시까지 가도 되나요?,운영시간
컴퓨터존 몇 시까지 가도 되나요?,운영시간
pc존 몇 시까지 가도 되나요?,운영시간
컴퓨터실 몇 시까지 가도 되나요?,운영시간
스터디룸 몇 시까지 가도 돼?,운영시간
컴퓨터존 몇 시까지 가도 돼?,운영시간
pc존 몇 시까지 가도 돼?,운영시간
컴퓨터실 몇 시까지 가도 돼?,운영시간
스터디룸 몇 시까지 갈 수 있나요?,운영시간
컴퓨터존 몇 시까지 갈 수 있나요?,운영시간
pc존 몇 시까지 갈 수 있나요?,운영시간
컴퓨터실 몇 시까지 갈 수 있나요?,운영시간
스터디룸 언제 문 닫나요?,운영시간
컴퓨터존 언제 문 닫나요?,운영시간
pc존 언제 문 닫나요?,운영시간
컴퓨터실 언제 문 닫나요?,운영시간
스터디룸 언제 문 여나요?,운영시간
컴퓨터존 언제 문 여나요?,운영시간
pc존 언제 문 여나요?,운영시간
컴퓨터실 언제 문 여나요?,운영시간
스터디룸 언제 문 열어?,운영시간
컴퓨터존 언제 문 열어?,운영시간
pc존 언제 문 열어?,운영시간
컴퓨터실 언제 문 열어?,운영시간
스터디룸 언제 문 닫아?,운영시간
컴퓨터존 언제 문 닫아?,운영시간
pc존 언제 문 닫아?,운영시간
컴퓨터실 언제 문 닫아?,운영시간
스터디룸 언제 해?,운영시간
컴퓨터존 언제 해?,운영시간
pc존 언제 해?,운영시간
컴퓨터실 언제 해?,운영시간
스터디룸 언제 가도 되나요?,운영시간
컴퓨터존 언제 가도 되나요?,운영시간
pc존 언제 가도 되나요?,운영시간
컴퓨터실 언제 가도 되나요?,운영시간
스터디룸 언제 가도 돼?,운영시간
컴퓨터존 언제 가도 돼?,운영시간
pc존 언제 가도 돼?,운영시간
컴퓨터실 언제 가도 돼?,운영시간
스터디룸 언제 갈 수 있나요?,운영시간
컴퓨터존 언제 갈 수 있나요?,운영시간
pc존 언제 갈 수 있나요?,운영시간
컴퓨터실 언제 갈 수 있나요?,운영시간
스터디룸 내일 문 닫나요?,운영시간
컴퓨터존 내일 문 닫나요?,운영시간
pc존 내일 문 닫나요?,운영시간
컴퓨터실 내일 문 닫나요?,운영시간
스터디룸 내일 문 여나요?,운영시간
컴퓨터존 내일 문 여나요?,운영시간
pc존 내일 문 여나요?,운영시간
컴퓨터실 내일 문 여나요?,운영시간
스터디룸 내일 문 열어?,운영시간
컴퓨터존 내일 문 열어?,운영시간
pc존 내일 문 열어?,운영시간
컴퓨터실 내일 문 열어?,운영시간
스터디룸 내일 문 닫아?,운영시간
컴퓨터존 내일 문 닫아?,운영시간
pc존 내일 문 닫아?,운영시간
컴퓨터실 내일 문 닫아?,운영시간
스터디룸 내일 해?,운영시간
컴퓨터존 내일 해?,운영시간
pc존 내일 해?,운영시간
컴퓨터실 내일 해?,운영시간
스터디룸 내일 가도 되나요?,운영시간
컴퓨터존 내일 가도 되나요?,운영시간
pc존 내일 가도 되나요?,운영시간
컴퓨터실 내일 가도 되나요?,운영시간
스터디룸 내일 가도 돼?,운영시간
컴퓨터존 내일 가도 돼?,운영시간
pc존 내일 가도 돼?,운영시간
컴퓨터실 내일 가도 돼?,운영시간
스터디룸 내일 갈 수 있나요?,운영시간
컴퓨터존 내일 갈 수 있나요?,운영시간
pc존 내일 갈 수 있나요?,운영시간
컴퓨터실 내일 갈 수 있나요?,운영시간
스터디룸 주말에 문 닫나요?,운영시간
컴퓨터존 주말에 문 닫나요?,운영시간
pc존 주말에 문 닫나요?,운영시간
컴퓨터실 주말에 문 닫나요?,운영시간
스터디룸 주말에 문 여나요?,운영시간
컴퓨터존 주말에 문 여나요?,운영시간
pc존 주말에 문 여나요?,운영시간
컴퓨터실 주말에 문 여나요?,운영시간
스터디룸 주말에 문 열어?,운영시간
컴퓨터존 주말에 문 열어?,운영시간
pc존 주말에 문 열어?,운영시간
컴퓨터실 주말에 문 열어?,운영시간
스터디룸 주말에 문 닫아?,운영시간
컴퓨터존 주말에 문 닫아?,운영시간
pc존 주말에 문 닫아?,운영시간
컴퓨터실 주말에 문 닫아?,운영시간
스터디룸 주말에 해?,운영시간
컴퓨터존 주말에 해?,운영시간
pc존 주말에 해?,운영시간
컴퓨터실 주말에 해?,운영시간
스터디룸 주말에 가도 되나요?,운영시간
컴퓨터존 주말에 가도 되나요?,운영시간
pc존 주말에 가도 되나요?,운영시간
컴퓨터실 주말에 가도 되나요?,운영시간
스터디룸 주말에 가도 돼?,운영시간
컴퓨터존 주말에 가도 돼?,운영시간
pc존 주말에 가도 돼?,운영시간
컴퓨터실 주말에 가도 돼?,운영시간
스터디룸 주말에 갈 수 있나요?,운영시간
컴퓨터존 주말에 갈 수 있나요?,운영시간
pc존 주말에 갈 수 있나요?,운영시간
컴퓨터실 주말에 갈 수 있나요?,운영시간
스터디룸 평일에 문 닫나요?,운영시간
컴퓨터존 평일에 문 닫나요?,운영시간
pc존 평일에 문 닫나요?,운영시간
컴퓨터실 평일에 문 닫나요?,운영시간
스터디룸 평일에 문 여나요?,운영시간
컴퓨터존 평일에 문 여나요?,운영시간
pc존 평일에 문 여나요?,운영시간
컴퓨터실 평일에 문 여나요?,운영시간
스터디룸 평일에 문 열어?,운영시간
컴퓨터존 평일에 문 열어?,운영시간
pc존 평일에 문 열어?,운영시간
컴퓨터실 평일에 문 열어?,운영시간
스터디룸 평일에 문 닫아?,운영시간
컴퓨터존 평일에 문 닫아?,운영시간
pc존 평일에 문 닫아?,운영시간
컴퓨터실 평일에 문 닫아?,운영시간
스터디룸 평일에 해?,운영시간
컴퓨터존 평일에 해?,운영시간
pc존 평일에 해?,운영시간
컴퓨터실 평일에 해?,운영시간
스터디룸 평일에 가도 되나요?,운영시간
컴퓨터존 평일에 가도 되나요?,운영시간
pc존 평일에 가도 되나요?,운영시간
컴퓨터실 평일에 가도 되나요?,운영시간
스터디룸 평일에 가도 돼?,운영시간
컴퓨터존 평일에 가도 돼?,운영시간
pc존 평일에 가도 돼?,운영시간
컴퓨터실 평일에 가도 돼?,운영시간
스터디룸 평일에 갈 수 있나요?,운영시간
컴퓨터존 평일에 갈 수 있나요?,운영시간
pc존 평일에 갈 수 있나요?,운영시간
컴퓨터실 평일에 갈 수 있나요?,운영시간
스터디룸 학기 중에 문 닫나요?,운영시간
컴퓨터존 학기 중에 문 닫나요?,운영시간
pc존 학기 중에 문 닫나요?,운영시간
컴퓨터실 학기 중에 문 닫나요?,운영시간
스터디룸 학기 중에 문 여나요?,운영시간
컴퓨터존 학기 중에 문 여나요?,운영시간
pc존 학기 중에 문 여나요?,운영시간
컴퓨터실 학기 중에 문 여나요?,운영시간
스터디룸 학기 중에 문 열어?,운영시간
컴퓨터존 학기 중에 문 열어?,운영시간
pc존 학기 중에 문 열어?,운영시간
컴퓨터실 학기 중에 문 열어?,운영시간
스터디룸 학기 중에 문 닫아?,운영시간
컴퓨터존 학기 중에 문 닫아?,운영시간
pc존 학기 중에 문 닫아?,운영시간
컴퓨터실 학기 중에 문 닫아?,운영시간
스터디룸 학기 중에 해?,운영시간
컴퓨터존 학기 중에 해?,운영시간
pc존 학기 중에 해?,운영시간
컴퓨터실 학기 중에 해?,운영시간
스터디룸 학기 중에 가도 되나요?,운영시간
컴퓨터존 학기 중에 가도 되나요?,운영시간
pc존 학기 중에 가도 되나요?,운영시간
컴퓨터실 학기 중에 가도 되나요?,운영시간
스터디룸 학기 중에 가도 돼?,운영시간
컴퓨터존 학기 중에 가도 돼?,운영시간
pc존 학기 중에 가도 돼?,운영시간
컴퓨터실 학기 중에 가도 돼?,운영시간
스터디룸 학기 중에 갈 수 있나요?,운영시간
컴퓨터존 학기 중에 갈 수 있나요?,운영시간
pc존 학기 중에 갈 수 있나요?,운영시간
컴퓨터실 학기 중에 갈 수 있나요?,운영시간
스터디룸 방학 때 문 닫나요?,운영시간
컴퓨터존 방학 때 문 닫나요?,운영시간
pc존 방학 때 문 닫나요?,운영시간
컴퓨터실 방학 때 문 닫나요?,운영시간
스터디룸 방학 때 문 여나요?,운영시간
컴퓨터존 방학 때 문 여나요?,운영시간
pc존 방학 때 문 여나요?,운영시간
컴퓨터실 방학 때 문 여나요?,운영시간
스터디룸 방학 때 문 열어?,운영시간
컴퓨터존 방학 때 문 열어?,운영시간
pc존 방학 때 문 열어?,운영시간
컴퓨터실 방학 때 문 열어?,운영시간
스터디룸 방학 때 문 닫아?,운영시간
컴퓨터존 방학 때 문 닫아?,운영시간
pc존 방학 때 문 닫아?,운영시간
컴퓨터실 방학 때 문 닫아?,운영시간
스터디룸 방학 때 해?,운영시간
컴퓨터존 방학 때 해?,운영시간
pc존 방학 때 해?,운영시간
컴퓨터실 방학 때 해?,운영시간
스터디룸 방학 때 가도 되나요?,운영시간
컴퓨터존 방학 때 가도 되나요?,운영시간
pc존 방학 때 가도 되나요?,운영시간
컴퓨터실 방학 때 가도 되나요?,운영시간
스터디룸 방학 때 가도 돼?,운영시간
컴퓨터존 방학 때 가도 돼?,운영시간
pc존 방학 때 가도 돼?,운영시간
컴퓨터실 방학 때 가도 돼?,운영시간
스터디룸 방학 때 갈 수 있나요?,운영시간
컴퓨터존 방학 때 갈 수 있나요?,운영시간
pc존 방학 때 갈 수 있나요?,운영시간
컴퓨터실 방학 때 갈 수 있나요?,운영시간
스터디룸 밤에 문 닫나요?,운영시간
컴퓨터존 밤에 문 닫나요?,운영시간
pc존 밤에 문 닫나요?,운영시간
컴퓨터실 밤에 문 닫나요?,운영시간
스터디룸 밤에 문 여나요?,운영시간
컴퓨터존 밤에 문 여나요?,운영시간
pc존 밤에 문 여나요?,운영시간
컴퓨터실 밤에 문 여나요?,운영시간
스터디룸 밤에 문 열어?,운영시간
컴퓨터존 밤에 문 열어?,운영시간
pc존 밤에 문 열어?,운영시간
컴퓨터실 밤에 문 열어?,운영시간
스터디룸 밤에 문 닫아?,운영시간
컴퓨터존 밤에 문 닫아?,운영시간
pc존 밤에 문 닫아?,운영시간
컴퓨터실 밤에 문 닫아?,운영시간
스터디룸 밤에 해?,운영시간
컴퓨터존 밤에 해?,운영시간
pc존 밤에 해?,운영시간
컴퓨터실 밤에 해?,운영시간
스터디룸 밤에 가도 되나요?,운영시간
컴퓨터존 밤에 가도 되나요?,운영시간
pc존 밤에 가도 되나요?,운영시간
컴퓨터실 밤에 가도 되나요?,운영시간
스터디룸 밤에 가도 돼?,운영시간
컴퓨터존 밤에 가도 돼?,운영시간
pc존 밤에 가도 돼?,운영시간
컴퓨터실 밤에 가도 돼?,운영시간
스터디룸 밤에 갈 수 있나요?,운영시간
컴퓨터존 밤에 갈 수 있나요?,운영시간
pc존 밤에 갈 수 있나요?,운영시간
컴퓨터실 밤에 갈 수 있나요?,운영시간
스터디룸 낮에 문 닫나요?,운영시간
컴퓨터존 낮에 문 닫나요?,운영시간
pc존 낮에 문 닫나요?,운영시간
컴퓨터실 낮에 문 닫나요?,운영시간
스터디룸 낮에 문 여나요?,운영시간
컴퓨터존 낮에 문 여나요?,운영시간
pc존 낮에 문 여나요?,운영시간
컴퓨터실 낮에 문 여나요?,운영시간
스터디룸 낮에 문 열어?,운영시간
컴퓨터존 낮에 문 열어?,운영시간
pc존 낮에 문 열어?,운영시간
컴퓨터실 낮에 문 열어?,운영시간
스터디룸 낮에 문 닫아?,운영시간
컴퓨터존 낮에 문 닫아?,운영시간
pc존 낮에 문 닫아?,운영시간
컴퓨터실 낮에 문 닫아?,운영시간
스터디룸 낮에 해?,운영시간
컴퓨터존 낮에 해?,운영시간
pc존 낮에 해?,운영시간
컴퓨터실 낮에 해?,운영시간
스터디룸 낮에 가도 되나요?,운영시간
컴퓨터존 낮에 가도 되나요?,운영시간
pc존 낮에 가도 되나요?,운영시간
컴퓨터실 낮에 가도 되나요?,운영시간
스터디룸 낮에 가도 돼?,운영시간
컴퓨터존 낮에 가도 돼?,운영시간
pc존 낮에 가도 돼?,운영시간
컴퓨터실 낮에 가도 돼?,운영시간
스터디룸 낮에 갈 수 있나요?,운영시간
컴퓨터존 낮에 갈 수 있나요?,운영시간
pc존 낮에 갈 수 있나요?,운영시간
컴퓨터실 낮에 갈 수 있나요?,운영시간
스터디룸 아침에 문 닫나요?,운영시간
컴퓨터존 아침에 문 닫나요?,운영시간
pc존 아침에 문 닫나요?,운영시간
컴퓨터실 아침에 문 닫나요?,운영시간
스터디룸 아침에 문 여나요?,운영시간
컴퓨터존 아침에 문 여나요?,운영시간
pc존 아침에 문 여나요?,운영시간
컴퓨터실 아침에 문 여나요?,운영시간
스터디룸 아침에 문 열어?,운영시간
컴퓨터존 아침에 문 열어?,운영시간
pc존 아침에 문 열어?,운영시간
컴퓨터실 아침에 문 열어?,운영시간
스터디룸 아침에 문 닫아?,운영시간
컴퓨터존 아침에 문 닫아?,운영시간
pc존 아침에 문 닫아?,운영시간
컴퓨터실 아침에 문 닫아?,운영시간
스터디룸 아침에 해?,운영시간
컴퓨터존 아침에 해?,운영시간
pc존 아침에 해?,운영시간
컴퓨터실 아침에 해?,운영시간
스터디룸 아침에 가도 되나요?,운영시간
컴퓨터존 아침에 가도 되나요?,운영시간
pc존 아침에 가도 되나요?,운영시간
컴퓨터실 아침에 가도 되나요?,운영시간
스터디룸 아침에 가도 돼?,운영시간
컴퓨터존 아침에 가도 돼?,운영시간
pc존 아침에 가도 돼?,운영시간
컴퓨터실 아침에 가도 돼?,운영시간
스터디룸 아침에 갈 수 있나요?,운영시간
컴퓨터존 아침에 갈 수 있나요?,운영시간
pc존 아침에 갈 수 있나요?,운영시간
컴퓨터실 아침에 갈 수 있나요?,운영시간
스터디룸 새벽에 문 닫나요?,운영시간
컴퓨터존 새벽에 문 닫나요?,운영시간
pc존 새벽에 문 닫나요?,운영시간
컴퓨터실 새벽에 문 닫나요?,운영시간
스터디룸 새벽에 문 여나요?,운영시간
컴퓨터존 새벽에 문 여나요?,운영시간
pc존 새벽에 문 여나요?,운영시간
컴퓨터실 새벽에 문 여나요?,운영시간
스터디룸 새벽에 문 열어?,운영시간
컴퓨터존 새벽에 문 열어?,운영시간
pc존 새벽에 문 열어?,운영시간
컴퓨터실 새벽에 문 열어?,운영시간
스터디룸 새벽에 문 닫아?,운영시간
컴퓨터존 새벽에 문 닫아?,운영시간
pc존 새벽에 문 닫아?,운영시간
컴퓨터실 새벽에 문 닫아?,운영시간
스터디룸 새벽에 해?,운영시간
컴퓨터존 새벽에 해?,운영시간
pc존 새벽에 해?,운영시간
컴퓨터실 새벽에 해?,운영시간
스터디룸 새벽에 가도 되나요?,운영시간
컴퓨터존 새벽에 가도 되나요?,운영시간
pc존 새벽에 가도 되나요?,운영시간
컴퓨터실 새벽에 가도 되나요?,운영시간
스터디룸 새벽에 가도 돼?,운영시간
컴퓨터존 새벽에 가도 돼?,운영시간
pc존 새벽에 가도 돼?,운영시간
컴퓨터실 새벽에 가도 돼?,운영시간
스터디룸 새벽에 갈 수 있나요?,운영시간
컴퓨터존 새벽에 갈 수 있나요?,운영시간
pc존 새벽에 갈 수 있나요?,운영시간
컴퓨터실 새벽에 갈 수 있나요?,운영시간
스터디룸 지금 문 닫나요?,운영시간
컴퓨터존 지금 문 닫나요?,운영시간
pc존 지금 문 닫나요?,운영시간
컴퓨터실 지금 문 닫나요?,운영시간
스터디룸 지금 문 여나요?,운영시간
컴퓨터존 지금 문 여나요?,운영시간
pc존 지금 문 여나요?,운영시간
컴퓨터실 지금 문 여나요?,운영시간
스터디룸 지금 문 열어?,운영시간
컴퓨터존 지금 문 열어?,운영시간
pc존 지금 문 열어?,운영시간
컴퓨터실 지금 문 열어?,운영시간
스터디룸 지금 문 닫아?,운영시간
컴퓨터존 지금 문 닫아?,운영시간
pc존 지금 문 닫아?,운영시간
컴퓨터실 지금 문 닫아?,운영시간
스터디룸 지금 해?,운영시간
컴퓨터존 지금 해?,운영시간
pc존 지금 해?,운영시간
컴퓨터실 지금 해?,운영시간
스터디룸 지금 가도 되나요?,운영시간
컴퓨터존 지금 가도 되나요?,운영시간
pc존 지금 가도 되나요?,운영시간
컴퓨터실 지금 가도 되나요?,운영시간
스터디룸 지금 가도 돼?,운영시간
컴퓨터존 지금 가도 돼?,운영시간
pc존 지금 가도 돼?,운영시간
컴퓨터실 지금 가도 돼?,운영시간
스터디룸 지금 갈 수 있나요?,운영시간
컴퓨터존 지금 갈 수 있나요?,운영시간
pc존 지금 갈 수 있나요?,운영시간
컴퓨터실 지금 갈 수 있나요?,운영시간
스터디룸 좌석 몇 명 있나요?,자리현황
스터디룸 좌석 몇 명 남았어?,자리현황
스터디룸 좌석 몇 명 있어?,자리현황
스터디룸 좌석 얼마나 있나요?,자리현황
스터디룸 좌석 얼마나 남았어?,자리현황
스터디룸 좌석 얼마나 있어?,자리현황
스터디룸 의자 몇 명 있나요?,자리현황
스터디룸 의자 몇 명 남았어?,자리현황
스터디룸 의자 몇 명 있어?,자리현황
스터디룸 의자 얼마나 있나요?,자리현황
스터디룸 의자 얼마나 남았어?,자리현황
스터디룸 의자 얼마나 있어?,자리현황
컴퓨터존 좌석 몇 명 있나요?,자리현황
컴퓨터존 좌석 몇 명 남았어?,자리현황
컴퓨터존 좌석 몇 명 있어?,자리현황
컴퓨터존 좌석 얼마나 있나요?,자리현황
컴퓨터존 좌석 얼마나 남았어?,자리현황
컴퓨터존 좌석 얼마나 있어?,자리현황
컴퓨터존 의자 몇 명 있나요?,자리현황
컴퓨터존 의자 몇 명 남았어?,자리현황
컴퓨터존 의자 몇 명 있어?,자리현황
컴퓨터존 의자 얼마나 있나요?,자리현황
컴퓨터존 의자 얼마나 남았어?,자리현황
컴퓨터존 의자 얼마나 있어?,자리현황
pc존 좌석 몇 명 있나요?,자리현황
pc존 좌석 몇 명 남았어?,자리현황
pc존 좌석 몇 명 있어?,자리현황
pc존 좌석 얼마나 있나요?,자리현황
pc존 좌석 얼마나 남았어?,자리현황
pc존 좌석 얼마나 있어?,자리현황
pc존 의자 몇 명 있나요?,자리현황
pc존 의자 몇 명 남았어?,자리현황
pc존 의자 몇 명 있어?,자리현황
pc존 의자 얼마나 있나요?,자리현황
pc존 의자 얼마나 남았어?,자리현황
pc존 의자 얼마나 있어?,자리현황
컴퓨터실 좌석 몇 명 있나요?,자리현황
컴퓨터실 좌석 몇 명 남았어?,자리현황
컴퓨터실 좌석 몇 명 있어?,자리현황
컴퓨터실 좌석 얼마나 있나요?,자리현황
컴퓨터실 좌석 얼마나 남았어?,자리현황
컴퓨터실 좌석 얼마나 있어?,자리현황
컴퓨터실 의자 몇 명 있나요?,자리현황
컴퓨터실 의자 몇 명 남았어?,자리현황
컴퓨터실 의자 몇 명 있어?,자리현황
컴퓨터실 의자 얼마나 있나요?,자리현황
컴퓨터실 의자 얼마나 남았어?,자리현황
컴퓨터실 의자 얼마나 있어?,자리현황
